V1,V2,V3,V4,V5,V6,V7,V8,V9,V10,V11,V12,V13,V14,V15,V16,V17,V18,V19,V20,V21,V22
0.838605921000301,0.849724661296292,0.856110976208642,0.86278190773353,5.27481890013442,15.855640397314,9.55269884243608,10.9982809154026,0.417348344508791,0.373222925084294,0.439871985499864,0.449105135413702,0.0873198347061989,0.372424193843966,1.55,4.38,4.53,80.3,0.5,0.1,1.1,20
0.867912523058534,0.853170402523305,0.796541052616609,0.755026265342545,5.53835992389941,14.8721520978084,19.7954646050639,19.2518213536998,0.421028948528226,0.446638719818089,0.356106233374798,0.440621842665249,0.0641741528794402,0.384317654799088,1.55,4.38,4.53,80.3,0.5,0.1,1.1,20
0.766667628471216,0.872383549881459,0.752233816739987,0.760481163181015,17.3646362939966,9.34622926576994,5.54583487444907,14.7146896483609,0.42617819285451,0.41232524861861,0.350537317993818,0.416494728661608,0.0541851863901247,0.440567187896348,1.55,4.38,4.53,80.3,0.5,0.1,1.1,20
0.84314713897265,0.854822639060556,0.834854280046304,0.787175757196324,14.5317782843718,13.7240609354456,12.313964164519,9.63782751508989,0.382227910110378,0.388454639328294,0.424187917910749,0.356834992831107,0.0632842752289609,0.435105114139034,1.55,4.38,4.53,80.3,0.5,0.1,1.1,20
0.78716625365935,0.807743918988272,0.842304284121841,0.823342632716114,11.0079486058559,16.9707439292921,16.7428203110059,9.01940833200933,0.407456815439509,0.447618420593441,0.396014157165308,0.44826577042148,0.0136183516110061,0.386745834053727,1.55,4.38,4.53,80.3,0.5,0.1,1.1,20
0.803346206681512,0.788413220880262,0.795970943751396,0.858917323685659,12.1867794039543,5.98708450726699,10.0105173051357,10.7782594268036,0.441090251934016,0.437755185000831,0.416866979694692,0.42336635563639,0.0574225651966292,0.35368094408873,1.55,4.38,4.53,80.3,0.5,0.1,1.1,20
0.855190108412644,0.78776392420748,0.855264584683813,0.873381133190298,7.87336781112826,10.7826341622509,8.55454201772809,11.5212895667879,0.413965804092702,0.410305552406353,0.442502839398221,0.382904457276105,0.0285670184656512,0.425691540191881,1.55,4.38,4.53,80.3,0.5,0.1,1.1,20
0.752906512930698,0.756398635084508,0.831481353689334,0.886328663295019,11.1070057202887,7.9731334603217,6.00546720123384,9.1354905289656,0.447688073846628,0.351333545453846,0.374286279420368,0.388521236743312,0.031232944547548,0.390821766807465,1.55,4.38,4.53,80.3,0.5,0.1,1.1,20
0.780647226667847,0.864005203207489,0.852263789199467,0.885439507636009,7.81390295614256,8.87848405470722,5.92469478921266,11.1912367509736,0.393865140080568,0.393179995624814,0.40203288039926,0.424869872697745,0.0579044272514992,0.392859358668095,1.55,4.38,4.53,80.3,0.5,0.1,1.1,20
0.865663856622297,0.821852799601096,0.75741335479205,0.831291361647192,19.4297883498657,8.09433291908936,11.7514071866113,18.0069683251611,0.407558658358408,0.428231586538488,0.406760884003481,0.395822779872338,0.0929281369493576,0.410106536956388,1.55,4.38,4.53,80.3,0.5,0.1,1.1,20
0.768388316749712,0.777257183923619,0.829945190590282,0.808576737400785,15.416094183299,16.1810229465656,11.8406029987033,10.0507537925267,0.35155399629171,0.392158126736758,0.363484964774107,0.367991073875921,0.0121295568149653,0.400830254146946,1.55,4.38,4.53,80.3,0.5,0.1,1.1,20
0.883000143329438,0.883120484753628,0.753042992028175,0.79878997296741,12.3113701705996,16.3872980342654,19.4140246745839,7.2965763525106,0.411063674079836,0.420760824756697,0.433868075111066,0.355257247112575,0.0639132874248782,0.391929829420173,1.55,4.38,4.53,80.3,0.5,0.1,1.1,20
0.845496059152298,0.884883167012595,0.818512317964691,0.813844182679081,10.5378616446105,13.3639932365215,16.9813133589108,10.6264575444395,0.424704539551167,0.416703099405393,0.377815049569472,0.405786888255854,0.0460403997914516,0.387090734247235,1.55,4.38,4.53,80.3,0.5,0.1,1.1,20
0.840079388251354,0.774180485413293,0.851259287088295,0.861424803196918,6.41733687020605,5.2306022461853,19.8679003699915,5.4437153351435,0.420373719249736,0.393859036732698,0.42197960895265,0.406219836197677,0.03107820688762,0.414865114696324,1.55,4.38,4.53,80.3,0.5,0.1,1.1,20
0.773336716890161,0.822668733213796,0.865693325995817,0.840232785476139,16.9791356186324,19.9185862631945,8.20603658052278,16.3082812278939,0.362566990101244,0.416475684492965,0.395673047100077,0.350629098193836,0.0324612125255633,0.407789082539966,1.55,4.38,4.53,80.3,0.5,0.1,1.1,20
0.861963146203081,0.856507254856231,0.87660395469371,0.818504431904701,19.1089854360325,7.10848771022284,6.51221544935834,16.5234486625937,0.404070481905714,0.367140250221826,0.381754720630473,0.402408229386318,0.08787940769993,0.412913225309574,1.55,4.38,4.53,80.3,0.5,0.1,1.1,20
0.869297059340752,0.754427318502101,0.873930081264989,0.782893356787856,9.16871251418488,17.2620281768381,6.41788824739051,5.19430379918194,0.363830431052949,0.443594764079433,0.385070148886647,0.374646551012411,0.010182032096514,0.369838544434402,1.55,4.38,4.53,80.3,0.5,0.1,1.1,20
0.763251590977656,0.806578931076976,0.767514981015818,0.806038450844062,12.0890518480795,10.8631010378187,17.381667800725,19.9134394375898,0.414782661559875,0.394238106360892,0.448757985039032,0.407525976345874,0.0920850431371247,0.393501206757268,1.55,4.38,4.53,80.3,0.5,0.1,1.1,20
0.878319256231596,0.764012880813447,0.863417505166086,0.772121022095613,17.414371280995,5.38023360547377,5.19828333173646,15.914988479903,0.398235800369759,0.352481779323192,0.434063721095678,0.400559993601288,0.0453954110770486,0.38546591859567,1.55,4.38,4.53,80.3,0.5,0.1,1.1,20
0.776996530987497,0.855702175089566,0.871263101283345,0.848333686600265,18.5487379868049,17.7578958115657,17.6880479452375,14.9188668717048,0.387666177701089,0.397362221261021,0.419767157811322,0.384613643184421,0.0804995651075035,0.397070238300832,1.55,4.38,4.53,80.3,0.5,0.1,1.1,20
0.804890893948032,0.818946610982297,0.834322828940756,0.778214399873104,19.3771781663119,14.9085566973721,8.75872875109199,13.9918128957506,0.408949778992101,0.411490165731288,0.351564463676419,0.404750765716424,0.0336265064873151,0.351149805738125,1.55,4.38,4.53,80.3,0.5,0.1,1.1,20
0.865307380173588,0.866276538513776,0.896793236912519,0.865215438622632,18.0965610719519,6.14707040228532,10.3378443602473,5.0452938107017,0.352640414680005,0.420174633726943,0.409944841836812,0.354936307877069,0.089293297119136,0.383792853402556,1.55,4.38,4.53,80.3,0.5,0.1,1.1,20
0.875650479048199,0.764260679326952,0.899587280429376,0.893063774624665,17.9875146079343,6.79282959998236,9.13638275047997,17.8254730073328,0.378361766393879,0.353158670837758,0.420656288052676,0.431386432138621,0.08684289027903,0.368696452547098,1.55,4.38,4.53,80.3,0.5,0.1,1.1,20
0.758575702002039,0.812103441560583,0.825642151162494,0.769627059910388,19.0018502153398,14.202877338574,8.08861278723343,8.59150566915632,0.350285637688125,0.373588937711669,0.354001108009368,0.405223199028987,0.0111960510271834,0.418866897707339,1.55,4.38,4.53,80.3,0.5,0.1,1.1,20
0.818443233638944,0.885061813697044,0.872141043238517,0.876830399655795,11.6648836960841,11.2310027076746,17.5267032926204,13.7887742543127,0.356018963019946,0.419751003963174,0.386882854778436,0.359914668498677,0.0723002427784959,0.415711315876804,1.55,4.38,4.53,80.3,0.5,0.1,1.1,20
0.760994461320166,0.869459529640444,0.792834222006553,0.849585764011717,19.5866093859077,5.89061596097308,17.8953739132441,17.2484020613134,0.428324424649822,0.438918328970554,0.355270512018818,0.372239551740582,0.0857623978030752,0.362512366405572,1.55,4.38,4.53,80.3,0.5,0.1,1.1,20
0.842462889468356,0.835529895621759,0.826655173635576,0.835964087247674,7.21888167185243,9.61894301360589,12.9579429009231,18.2595533546992,0.401491755428375,0.369661109563196,0.381357550247805,0.424386524177739,0.0973654850972001,0.381788782728952,1.55,4.38,4.53,80.3,0.5,0.1,1.1,20
0.796773649692186,0.881774638307572,0.873728789019864,0.817081544612011,19.7017965331033,13.9229507668351,13.9530020657694,15.6107193268195,0.448179348604986,0.361071795815485,0.37391208537959,0.435382925578742,0.078859996728471,0.449877225538599,1.55,4.38,4.53,80.3,0.5,0.1,1.1,20
0.86461918631976,0.758796789283748,0.791947912277654,0.816600223118439,19.1963366838871,15.7804119744047,7.87508125037421,12.3662346860976,0.391987500815885,0.441988592715003,0.391870862670126,0.449621288189432,0.0820773081593914,0.402294926679344,1.55,4.38,4.53,80.3,0.5,0.1,1.1,20
0.857651624197257,0.752726311142324,0.764010650903627,0.821338365232281,5.88106898232363,18.5844548466383,8.92739042870817,7.12015946177417,0.379482348628808,0.389257951015723,0.384481481544673,0.427533246161067,0.0564332849302446,0.354458030830603,1.55,4.38,4.53,80.3,0.5,0.1,1.1,20
0.774626602709759,0.773704097902577,0.862171837097034,0.820291370021179,7.39288960468257,11.7341366672947,7.74169348349678,5.97884984877892,0.380484143948765,0.425910636697896,0.418601709505427,0.368778514664504,0.0256684137200587,0.370235597540042,1.55,4.38,4.53,80.3,0.5,0.1,1.1,20
0.751459815711191,0.875034918509074,0.833532857638376,0.760845867631026,17.0473117372312,7.00754951437702,17.9296134521661,16.1259041138226,0.430841469634324,0.389678913842188,0.444432125397492,0.388069928454934,0.0693324605089147,0.401779772382462,1.55,4.38,4.53,80.3,0.5,0.1,1.1,20
0.836611681725481,0.890853455231991,0.820129983281018,0.788800205057196,19.7813596063526,7.27407596603152,18.7587372118665,15.6523731216905,0.378744070557063,0.427699754621484,0.356629650292452,0.381055098419078,0.0275686319048866,0.417003169023898,1.55,4.38,4.53,80.3,0.5,0.1,1.1,20
0.824762056215608,0.87093133349478,0.852827930983622,0.791906895616616,9.69018406410469,13.4270010975481,10.984760530811,14.5242649102875,0.372551831475808,0.388683089281432,0.362969127464341,0.438731814452447,0.0825486784657813,0.367550062495633,1.55,4.38,4.53,80.3,0.5,0.1,1.1,20
0.867421419572958,0.804611995839863,0.765660401648842,0.76704635336803,10.6821244638064,14.0854370370216,11.5842075143708,14.7919581147435,0.427253995104926,0.421997431062278,0.427986212608754,0.385356606467976,0.0965066639916855,0.400365390083636,1.55,4.38,4.53,80.3,0.5,0.1,1.1,20
0.881499195924145,0.880916782408138,0.860938719439146,0.762756240589893,8.33271233662381,14.5811177135212,5.33504319188651,9.05025094256853,0.369811003241804,0.448673216530238,0.394478267243714,0.446786132260575,0.0942041036604089,0.376831321961712,1.55,4.38,4.53,80.3,0.5,0.1,1.1,20
0.821795903319027,0.751098544372071,0.786354482578521,0.784790042740584,13.2885474529467,8.96721935382811,18.5162343217467,9.22253175688675,0.442443980797194,0.369233684812207,0.355543913119589,0.42622504694073,0.0290663866167888,0.403409427778912,1.55,4.38,4.53,80.3,0.5,0.1,1.1,20
0.879060598477721,0.791804752369062,0.869178776235552,0.879833953447756,18.397776602942,7.6555445191043,15.806042940059,10.4752533554565,0.428563975159428,0.379926309654024,0.443373415987124,0.41505711879069,0.0588061526351492,0.425452332888497,1.55,4.38,4.53,80.3,0.5,0.1,1.1,20
0.890953805259546,0.863360530528764,0.784526843834901,0.813634310846042,17.1571506031323,6.91587538695894,16.6308389541169,15.5260948387033,0.404923043339746,0.37226919847948,0.425685546761029,0.397101628344855,0.0610666809865623,0.421505473691621,1.55,4.38,4.53,80.3,0.5,0.1,1.1,20
0.760485657086887,0.797885097643244,0.859296405730653,0.828599996739475,8.85640213935403,19.3420309979818,19.611648590368,15.7979327494977,0.370083006807836,0.375986953950604,0.4162046072433,0.393385494253947,0.0862763119934243,0.39783869952301,1.55,4.38,4.53,80.3,0.5,0.1,1.1,20
0.815242686692218,0.820090753062686,0.811104590785748,0.842952961666568,18.7119197372696,18.4227003189735,10.0324994985596,17.5370897566085,0.42671502497606,0.384454527595895,0.423819445195841,0.43232697771478,0.0413162068155478,0.371917065464193,1.55,4.38,4.53,80.3,0.5,0.1,1.1,20
0.884440710176539,0.846482720991655,0.778892242773261,0.815494043362036,9.03950196678634,19.6580117659702,11.1287383283488,12.8742648758867,0.423773110589013,0.438087346627377,0.437563771808636,0.413161781247589,0.0719529032050516,0.352022995828185,1.55,4.38,4.53,80.3,0.5,0.1,1.1,20
0.852264670458797,0.790895257524157,0.839103376189596,0.761867391028733,10.251809382299,19.4296630707453,6.87848648728686,18.9145798267797,0.388147206046968,0.421291722206515,0.413410114462604,0.399209441352286,0.08882290587069,0.42240998629434,1.55,4.38,4.53,80.3,0.5,0.1,1.1,20
0.794903146329336,0.799474416950019,0.840781531631481,0.857377336536592,18.4713981148321,9.01374121036497,11.3294568299665,5.86440196649637,0.40579555664293,0.399913135281298,0.430888841548585,0.351970092022326,0.0437400767475017,0.415464057274046,1.55,4.38,4.53,80.3,0.5,0.1,1.1,20
0.78126812931936,0.833943320743914,0.804832845927158,0.79659626880294,8.27140933210612,12.579706106917,6.86825708298129,14.2222663475084,0.365866544931545,0.354115791832563,0.40754926329141,0.374156543049612,0.0388816527430899,0.364869039003504,1.55,4.38,4.53,80.3,0.5,0.1,1.1,20
0.763653503530368,0.876392278725514,0.839571481104009,0.896407707831357,6.07234788674396,15.2889879000664,11.2697444539925,8.32812969954102,0.421518649698701,0.435117461941554,0.407212118648225,0.391608871376724,0.0489017093546456,0.382119469054276,1.55,4.38,4.53,80.3,0.5,0.1,1.1,20
0.899451821363589,0.781999426784751,0.897860135340365,0.876312648158928,8.53742145270226,17.9159281973552,5.14906647475436,6.80282304898137,0.371419201952522,0.371698828152847,0.360224301555543,0.363782389088767,0.0952594616567134,0.409167411539471,1.55,4.38,4.53,80.3,0.5,0.1,1.1,20
0.772221559239901,0.889178541834292,0.770867627981643,0.827532555923215,10.5587125232734,10.930262906634,12.8362172565539,15.4542630323849,0.416613159607979,0.413020188830444,0.41215167030727,0.398680503650801,0.0344562248660368,0.379115273081465,1.55,4.38,4.53,80.3,0.5,0.1,1.1,20
0.870177273968468,0.892385207320796,0.771718859070505,0.750171672879544,5.7369885310065,9.1688412622083,14.4277500110737,10.3720244321506,0.390477202003123,0.355695435678586,0.438922013043892,0.426750438997871,0.0470415077418089,0.435939406576683,1.55,4.38,4.53,80.3,0.5,0.1,1.1,20
0.791629737590498,0.832661658509052,0.880494450660248,0.789660300426884,6.49828564648051,16.0777914033912,12.4658900747076,5.74154947261559,0.384172872550087,0.439193366975058,0.369916228441056,0.403715044476558,0.0909340534055838,0.448968066434376,1.55,4.38,4.53,80.3,0.5,0.1,1.1,20
0.839926656034193,0.840102139858645,0.8970670463196,0.832636537763814,5.45441873691161,16.4780460337468,8.60858943261555,17.1679819859273,0.410598692275235,0.442025635458762,0.361911004433176,0.422257209713804,0.0670115029691835,0.354517133108806,1.55,4.38,4.53,80.3,0.5,0.1,1.1,20
0.831564548040682,0.814715773708129,0.846178441890457,0.783520868112333,15.9309740756929,8.72671181063051,8.38432649539318,10.2058787263115,0.434670472019934,0.411528934255242,0.414002347049187,0.416693793699262,0.0129240864542779,0.390070872683544,1.55,4.38,4.53,80.3,0.5,0.1,1.1,20
0.770881501445838,0.852603133794211,0.750493996298988,0.774172083164624,13.7720941081818,12.015556885238,11.203094672889,16.9766293751367,0.422161736547132,0.370151974953362,0.378525026472984,0.430892798307934,0.0229536092179478,0.41194748517999,1.55,4.38,4.53,80.3,0.5,0.1,1.1,20
0.793684561824601,0.83648149018205,0.881938616275031,0.773213397167099,9.78459849269711,18.9327490281197,17.6505950847466,14.3613593012386,0.423055467947153,0.362152049243683,0.367804227735032,0.403307841285947,0.0150865596114192,0.367310727031669,1.55,4.38,4.53,80.3,0.5,0.1,1.1,20
0.770051295130164,0.888004073145683,0.846788704908919,0.898466062211548,15.1863682245254,13.0529988447612,12.5899485095637,16.1773616477381,0.365177009659819,0.400476808882202,0.386383335879771,0.387251801331644,0.0733242297571735,0.363066495226463,1.55,4.38,4.53,80.3,0.5,0.1,1.1,20
0.809177991218981,0.895444188287133,0.876960871677787,0.771617484390561,13.2180531443679,9.90459218848264,17.7640604573127,6.57735943784937,0.36063797178457,0.415622817967436,0.429385187666165,0.369696548372856,0.023367509618483,0.389520419773413,1.55,4.38,4.53,80.3,0.5,0.1,1.1,20
0.778661268457363,0.856031674981525,0.854694047072029,0.786422288759553,9.21908038334805,15.2741229893698,6.25027402375126,11.9151671647269,0.374748554743943,0.360501652969979,0.415942370533245,0.358943362574792,0.0619121843915433,0.362371903462685,1.55,4.38,4.53,80.3,0.5,0.1,1.1,20
0.759069351432205,0.828439303870371,0.894474372845551,0.824442279187788,10.7170341013465,18.0665520180366,15.3324853657861,12.4546422491549,0.360080555847031,0.358042233024375,0.388058935581241,0.373831269632792,0.0648286760754418,0.396397752137855,1.55,4.38,4.53,80.3,0.5,0.1,1.1,20
0.776204967143422,0.892606075147865,0.845486501916836,0.764772549668269,15.5996740702307,15.1084863110445,11.0574511819577,19.7319210623857,0.368841601676191,0.353575089473045,0.351499236185802,0.389206581904087,0.0395487674921984,0.436124078621389,1.55,4.38,4.53,80.3,0.5,0.1,1.1,20
0.782995213360526,0.794301148417813,0.866659650255984,0.851978866686055,17.2407475693326,14.400397552317,15.530521832488,16.7241258374648,0.392612598699052,0.391936135954456,0.419248512316845,0.406866585908108,0.0963422925532097,0.418012954377686,1.55,4.38,4.53,80.3,0.5,0.1,1.1,20
0.81712928703893,0.792829189890821,0.805925228144391,0.870884590377915,7.02504629768664,14.07193640201,5.87195071495371,10.2519715137489,0.364179255337804,0.387766960453591,0.378320512300124,0.380713855042588,0.0108348342079436,0.395956783765694,1.55,4.38,4.53,80.3,0.5,0.1,1.1,20
0.7951463891936,0.803469051363354,0.865061257236579,0.860232720517321,9.89364467609557,11.6518069746555,16.8899309421191,14.8789315580041,0.366032082681195,0.430243726494024,0.410965430275304,0.382106844572467,0.0354438259374583,0.433723902491736,1.55,4.38,4.53,80.3,0.5,0.1,1.1,20
0.898533479673963,0.815912967479148,0.877981118064607,0.795164328812098,13.090602815582,18.1934214070323,12.5649012350419,9.97184765245765,0.3596874121828,0.410614247324178,0.437415528463316,0.364299383396981,0.0260710573199787,0.405137502914295,1.55,4.38,4.53,80.3,0.5,0.1,1.1,20
0.88260573107918,0.796241729748552,0.870576325728209,0.80069928479899,10.8077994849824,10.4068755601998,8.84390544288326,6.74769866462448,0.385520454041078,0.422805488963146,0.431738925943617,0.357049644714687,0.0600407649193658,0.389358443372184,1.55,4.38,4.53,80.3,0.5,0.1,1.1,20
0.755850424328819,0.808164667202916,0.815400432946393,0.861928913197888,16.76136798386,6.62853264016449,7.07333125593141,14.662327936705,0.385014665427967,0.358855668863631,0.449238393152715,0.421509333760361,0.016101944503549,0.444550580004114,1.55,4.38,4.53,80.3,0.5,0.1,1.1,20
0.874460949415108,0.839105767143366,0.784237456093601,0.83422978368419,10.2222234821471,5.65600689994171,16.5395642140647,12.509638553299,0.38126727949176,0.442887892420869,0.418488847401342,0.442827567204018,0.0382803644352825,0.36375750315818,1.55,4.38,4.53,80.3,0.5,0.1,1.1,20
0.76531140164542,0.804990982448333,0.788035773050389,0.753053160625859,9.50143540215795,19.9836975501792,8.05283892165753,13.0077375756111,0.396734151271521,0.408428502215655,0.42637999103684,0.371079844723572,0.0656258895486011,0.430447689483757,1.55,4.38,4.53,80.3,0.5,0.1,1.1,20
0.796499513613875,0.759978108372598,0.812741527704522,0.866068480452464,7.73182386648259,19.6148116284283,9.32321075481013,10.5509345495317,0.380535883126431,0.350112091927091,0.436323415887193,0.443298071710276,0.0500783444850589,0.401406220966484,1.55,4.38,4.53,80.3,0.5,0.1,1.1,20
0.837145654463035,0.842963898667193,0.804068488818244,0.756748920080485,8.05616354850936,11.8684901514091,9.22036708963569,15.1024493528006,0.352158500436344,0.383666456658277,0.415061457788223,0.442222677098587,0.0251699731710949,0.406422367990017,1.55,4.38,4.53,80.3,0.5,0.1,1.1,20
0.766106974789524,0.87179789105145,0.850339680122968,0.80349937739654,18.9434643058397,6.31895504450076,12.0830419042555,15.3041483159119,0.402787742757355,0.434999694354949,0.392385808884283,0.362594764534384,0.049402134719945,0.427207622168353,1.55,4.38,4.53,80.3,0.5,0.1,1.1,20
0.834875499150599,0.773234283946222,0.789703564541414,0.889729268702853,14.7873093414761,15.6474175295036,7.80091752116568,18.9685618296266,0.395693424019264,0.400765820102999,0.374595205397927,0.420651190644945,0.0649677337120404,0.35866931705724,1.55,4.38,4.53,80.3,0.5,0.1,1.1,20
0.789756431457179,0.883906786923821,0.768151343966892,0.811172921643534,14.397407555714,13.5839717882103,14.5956063924881,8.94572517363122,0.412978117197868,0.427043613399612,0.350031232337351,0.445941106882063,0.0784490235190257,0.447049134839792,1.55,4.38,4.53,80.3,0.5,0.1,1.1,20
0.800840108209464,0.848051779661444,0.806296606850694,0.88839290277689,16.4903597555414,16.8791543716099,8.52463250123546,8.86539095416665,0.383879264561809,0.394955151688657,0.429840364861186,0.433634338968317,0.0799690373364138,0.427723452072358,1.55,4.38,4.53,80.3,0.5,0.1,1.1,20
0.835974821924348,0.770660878831171,0.857987291972386,0.87402679613221,13.7769912590506,10.1192295911256,17.4956082469376,8.09032464175834,0.422579409134691,0.440407248027506,0.427362366948393,0.412954815866193,0.0523617636570824,0.433222100715153,1.55,4.38,4.53,80.3,0.5,0.1,1.1,20
0.785872804542712,0.862524347069208,0.813867672794382,0.855031340484624,17.6592431845551,6.49353871321655,11.6525079846673,19.8382328920241,0.367921267562662,0.36030977714539,0.362253740799031,0.410368197734468,0.0591777674108395,0.446857762431493,1.55,4.38,4.53,80.3,0.5,0.1,1.1,20
0.799819973018195,0.761566501080233,0.875179691250553,0.867861765613547,6.22604622366489,11.544469620561,5.26333865259658,13.0754496820038,0.369046881456277,0.386153085161932,0.357232523504528,0.43909863076231,0.0188724485287792,0.370925893874723,1.55,4.38,4.53,80.3,0.5,0.1,1.1,20
0.755235618614475,0.769369672264264,0.767230227135995,0.763645662966999,13.5246975725051,14.7251017756586,18.928340720234,7.98161316282349,0.356710254659178,0.381733162771096,0.432777069630218,0.356213285978534,0.0734834234610433,0.358380542636733,1.55,4.38,4.53,80.3,0.5,0.1,1.1,20
0.764526346828148,0.775870103898633,0.771801759266469,0.785545976763417,7.6357237741584,5.71559218515176,5.44414486912428,14.4384864706313,0.432119059849065,0.406232316778041,0.446460443510441,0.378546938442159,0.0847422059485689,0.388754416307784,1.55,4.38,4.53,80.3,0.5,0.1,1.1,20
0.815766118760977,0.874037363276817,0.80269680423697,0.829713328021055,5.03630818852107,8.24938672708231,11.5235351434676,9.83536474971916,0.354929348770995,0.382444759708247,0.421016492692987,0.430432515253429,0.0991572131159832,0.447502287203795,1.55,4.38,4.53,80.3,0.5,0.1,1.1,20
0.768838883812598,0.848586378307489,0.82393106011179,0.845910976138199,12.9996049256704,8.37683504927554,5.62645337204449,6.29026391076623,0.418356030809111,0.350853225461906,0.365434034664882,0.401871298844693,0.081615605298616,0.392186640475527,1.55,4.38,4.53,80.3,0.5,0.1,1.1,20
0.827006580457266,0.841907117636176,0.788722949650255,0.776406638407381,13.5837408384366,7.03583237945568,18.0229132327484,5.09921836602734,0.362234051897307,0.396666859812453,0.42452054612746,0.415722274147789,0.0983020239285077,0.446196836150368,1.55,4.38,4.53,80.3,0.5,0.1,1.1,20
0.80227804856468,0.810739159384452,0.800459769640875,0.837357366152282,15.3476895355328,13.9969597789983,11.9360665432294,13.6690080326749,0.438122554587317,0.414098272325005,0.358606678358512,0.390046497711563,0.0836997997253086,0.355053939140984,1.55,4.38,4.53,80.3,0.5,0.1,1.1,20
0.847577022357902,0.829852374848211,0.782673629737808,0.830317147773458,5.32926935089054,6.39402809860185,7.65423269712483,13.4976604701602,0.363292443657876,0.355184548475314,0.354651460036286,0.44897804843192,0.0446218500732677,0.380712240522727,1.55,4.38,4.53,80.3,0.5,0.1,1.1,20
0.860593407861132,0.886690475651587,0.808852310985618,0.87182413373678,15.2180199216527,17.5956940313627,9.924787491397,6.10539417808759,0.381800975160557,0.402355601547053,0.402762602822739,0.443722195593524,0.0513776810482494,0.383481414449285,1.55,4.38,4.53,80.3,0.5,0.1,1.1,20
0.762349515015318,0.865983804861491,0.885920562681975,0.779771782567317,11.3681063777767,11.0937498603889,19.9388476064254,6.45592306715553,0.437438346531475,0.431538434040267,0.399652452423004,0.367304072642582,0.0772866283259587,0.444073204276501,1.55,4.38,4.53,80.3,0.5,0.1,1.1,20
0.885505384156422,0.766513609058456,0.785397277643031,0.853824213166314,14.7160598788643,8.52498004703666,5.06299170604325,6.55868472158909,0.403711060068104,0.396076193680638,0.360947555669351,0.425156970322598,0.0166909064166131,0.440495444920845,1.55,4.38,4.53,80.3,0.5,0.1,1.1,20
0.750253637988819,0.813318008279835,0.817853316095076,0.879524760928005,7.51950415511383,15.9963976858533,15.6484665212105,7.41287460313179,0.434198255742318,0.354771881055902,0.409172815427417,0.398303281462402,0.0123421531236731,0.359864301782101,1.55,4.38,4.53,80.3,0.5,0.1,1.1,20
0.784266925863864,0.812637443753541,0.774423928601376,0.8941556267899,8.15439304136671,17.6495769584377,9.05367484971066,5.4558733543905,0.354176479314803,0.417825319611467,0.411832191552967,0.410794626693823,0.0239830068345647,0.441020710130571,1.55,4.38,4.53,80.3,0.5,0.1,1.1,20
0.807581668808533,0.783386925593019,0.886999614560686,0.751273666501336,17.7646070940769,12.3144575055281,17.19495380554,19.2100703713775,0.394881718483521,0.435808316866169,0.447543926581391,0.373272036623559,0.0876257446609554,0.445688570139231,1.55,4.38,4.53,80.3,0.5,0.1,1.1,20
0.86251854602684,0.859001611059182,0.815072049361363,0.769259235610021,15.7571002316428,5.03564998817164,13.427794812806,12.0086122916488,0.437542103374843,0.440553530950914,0.420043654191773,0.365626048243837,0.0902999537441763,0.360575374896755,1.55,4.38,4.53,80.3,0.5,0.1,1.1,20
0.789735468599712,0.834414387990022,0.893805616344209,0.778896483786812,7.60444364260766,16.7190379026404,5.50519663870218,11.7347671584343,0.398987957311678,0.431483864131616,0.353715770362178,0.40803291682119,0.0383978663023678,0.375875597952632,1.55,4.38,4.53,80.3,0.5,0.1,1.1,20
0.84943702596071,0.861216532743944,0.752695581819979,0.878047344649094,13.6656294815824,5.77679051724845,15.4381625410984,16.4281753898191,0.37998828958103,0.359613895174582,0.39099412249797,0.418122109451564,0.0595413759536576,0.408097273207852,1.55,4.38,4.53,80.3,0.5,0.1,1.1,20
0.833880425251904,0.771839519697649,0.770155643813603,0.795926245106093,17.5032063123654,19.2385577502311,13.3518406361924,18.4827789118397,0.444933782478445,0.357258376331418,0.380812013524934,0.366173266143771,0.0752798484919593,0.436650045216666,1.55,4.38,4.53,80.3,0.5,0.1,1.1,20
0.896212834190461,0.860883122036001,0.843979749547318,0.765504328796931,15.0325335347152,7.18115769395372,13.7704479315958,7.53028639402473,0.370979106164421,0.449005267559784,0.448001571429311,0.354467600477859,0.0915379361437634,0.429504568978446,1.55,4.38,4.53,80.3,0.5,0.1,1.1,20
0.82360294610553,0.782818380136276,0.753862607759424,0.843735672109702,6.91011922072503,12.9444922576426,14.3647850308509,16.8938072972349,0.386193297504215,0.376862412729068,0.366486275212723,0.39135206551943,0.0190097586006974,0.388095818336005,1.55,4.38,4.53,80.3,0.5,0.1,1.1,20
0.790608668311383,0.882197060181177,0.812170640012773,0.867559920399275,8.63588543745573,17.3340004045516,6.49202770843986,7.38920897343196,0.433632781555411,0.39062532047648,0.447049579606624,0.370587769685546,0.0606909852787852,0.442344426384894,1.55,4.38,4.53,80.3,0.5,0.1,1.1,20
0.87243832841143,0.868721133892599,0.762026368384191,0.870642087637796,16.6931395251304,17.8783315993263,10.8213273420406,7.86803678338765,0.406500558879809,0.404847318686778,0.370807601993321,0.383755991328741,0.0780720130896196,0.437415512855048,1.55,4.38,4.53,80.3,0.5,0.1,1.1,20
0.781915190559696,0.793606930572598,0.884897486747475,0.814816056592797,16.423990197212,15.1687125296914,16.8384754446743,12.0944190374459,0.367183847151464,0.356386472202488,0.422716036554542,0.397618894113693,0.0305808899270138,0.352938630797784,1.55,4.38,4.53,80.3,0.5,0.1,1.1,20
0.871872015121684,0.839782581332722,0.77331114897196,0.874928092409915,11.7360154036258,8.60394952581264,16.1175004645018,14.0719319454394,0.357342741613858,0.445719818508835,0.408442414040794,0.402597718664561,0.03731440056063,0.37802511532919,1.55,4.38,4.53,80.3,0.5,0.1,1.1,20
0.829359880683886,0.789093441979552,0.869296329157718,0.869421100027103,17.7084921854374,11.165096703358,17.1307825686585,19.483057706838,0.429652467877721,0.434041134265601,0.426631228214712,0.372711855496047,0.0746896065788809,0.364066459801863,1.55,4.38,4.53,80.3,0.5,0.1,1.1,20
0.856451951524825,0.759358596024744,0.810284596290963,0.838187814573292,18.7598747795273,7.74414190497482,10.1376426717441,9.65276909006061,0.394063553015119,0.436310409175348,0.4253251117334,0.418779979713843,0.0767734342931188,0.413540113569237,1.55,4.38,4.53,80.3,0.5,0.1,1.1,20
0.816019816487271,0.798061869507597,0.817464665108069,0.806377783956996,7.11931103191455,19.7439358033531,13.301260985987,9.74122229076456,0.40091860463412,0.406650402231258,0.393144076931756,0.434706235393649,0.0550484194881749,0.356218758665607,1.55,4.38,4.53,80.3,0.5,0.1,1.1,20
0.877381136698241,0.785683620497352,0.895807897385268,0.887497415249236,12.4784015986952,12.9777011973201,7.28936397279613,7.64091044820379,0.448752653445699,0.376465761462576,0.443727674806723,0.446039411953418,0.0417570756730158,0.406600867574569,1.55,4.38,4.53,80.3,0.5,0.1,1.1,20
0.825398861563182,0.799705745263375,0.86466578256333,0.899290222494747,11.9460416874441,10.0529426392983,11.3887858601578,13.4420074025169,0.399528846297762,0.359298894250183,0.428026508357842,0.40909832663252,0.0684651926218881,0.448389383976813,1.55,4.38,4.53,80.3,0.5,0.1,1.1,20
0.890205878972774,0.877327766105533,0.829090114738327,0.781500019146712,8.96724965395406,16.6990723934432,14.2801215842948,8.29220822178759,0.433289332230459,0.361832925337017,0.410398020422319,0.351188756443444,0.0263185973427491,0.376280103901867,1.55,4.38,4.53,80.3,0.5,0.1,1.1,20
0.871337097081472,0.802460793727543,0.809521041781758,0.841993097908795,16.8962619579746,10.5161170020059,17.2834781767044,13.9189569645096,0.397037781161023,0.385907855667174,0.395483220591792,0.386368976119091,0.0132879898290732,0.357182582037407,1.55,4.38,4.53,80.3,0.5,0.1,1.1,20
0.841129143125319,0.801522421267116,0.807192782509199,0.864735198238282,5.65043292867486,17.6829098828079,14.9351972177392,18.6862577638123,0.447342677231878,0.386618641784182,0.400407092552516,0.431580411590519,0.0793171820572345,0.356588113262085,1.55,4.38,4.53,80.3,0.5,0.1,1.1,20
0.788284559728636,0.87322545770905,0.883556425097398,0.839370620281727,6.00821498980513,14.819251049764,9.43722217133036,19.6378269207722,0.355130132231978,0.432792072942364,0.363737299648928,0.37522627785604,0.035037023435731,0.437749981294852,1.55,4.38,4.53,80.3,0.5,0.1,1.1,20
0.810303685161984,0.877541885206068,0.762920209178701,0.823901632467925,12.8112644285837,11.4524304847291,9.57782120773918,14.280064338306,0.405390691801673,0.395442251879023,0.439179923015996,0.360629484205972,0.0728888468682184,0.403948643014883,1.55,4.38,4.53,80.3,0.5,0.1,1.1,20
0.777481796302367,0.800697018333769,0.887855489290261,0.891408353810257,17.0761484169343,13.7875684247643,10.2111157218111,13.2064273416065,0.374323481496424,0.397826206878526,0.389817291942658,0.439990540779894,0.043280426849192,0.375054364702199,1.55,4.38,4.53,80.3,0.5,0.1,1.1,20
0.89785951439169,0.894176201172872,0.755618121393432,0.821001598007628,6.72588519814308,10.6439931174857,6.08237893886399,11.5370716172445,0.436024043983314,0.444171586835641,0.392593507554731,0.392229591762647,0.0615272554559401,0.361833967950544,1.55,4.38,4.53,80.3,0.5,0.1,1.1,20
0.843846040893754,0.810980222229904,0.78070083303703,0.810293239934952,9.627767556248,6.83481127480627,18.080725396506,12.6917239985662,0.391489929683157,0.403293002204737,0.399248544607544,0.376269849296659,0.0368880105616292,0.420067652574042,1.55,4.38,4.53,80.3,0.5,0.1,1.1,20
0.783407665393374,0.755407362788741,0.890482878143492,0.872363957655849,10.1208690473286,12.6713861982164,14.7928830974153,5.75520642231568,0.413213924210286,0.372912539374316,0.440429346759105,0.401461973472033,0.0202068218571018,0.426796020008042,1.55,4.38,4.53,80.3,0.5,0.1,1.1,20
0.859841577151674,0.875843938334612,0.85836508406623,0.792458272006188,12.7407744882512,9.40420100971824,19.0206497062347,17.4492526370508,0.37701263406442,0.445225828436902,0.434515443960554,0.42878429917933,0.0741539325173711,0.386165098181227,1.55,4.38,4.53,80.3,0.5,0.1,1.1,20
0.866471936782007,0.845153828625334,0.792722241831129,0.860935493625992,8.09913617263083,17.9850171546452,19.5299114733469,17.1413997414056,0.425044261211529,0.392586566456943,0.390356444889912,0.350236207407783,0.0997394766822574,0.384817460048129,1.55,4.38,4.53,80.3,0.5,0.1,1.1,20
0.817744267510891,0.889729884578381,0.794216989435314,0.884099986810587,6.71442430328461,15.9253659205977,17.0593008807045,6.98978198040277,0.419648467330146,0.383224156936165,0.383404590788181,0.399569200700149,0.0559553553675185,0.423784084890154,1.55,4.38,4.53,80.3,0.5,0.1,1.1,20
0.820612238268193,0.84120728554856,0.853685142479371,0.793043211452721,5.81433319185744,13.2671394936682,15.953591536195,17.665258849971,0.373864881748101,0.407370103777735,0.369069688970223,0.379395053457236,0.0374828042231151,0.442531980511383,1.55,4.38,4.53,80.3,0.5,0.1,1.1,20
0.802910396402876,0.827914941988362,0.881166355134104,0.858100007013534,19.8757996270782,18.7362547122117,18.6015874162607,18.1719841106038,0.443683216658537,0.375068344319472,0.353499749597395,0.41994085016381,0.0203920039137942,0.430723015330616,1.55,4.38,4.53,80.3,0.5,0.1,1.1,20
0.830474532666849,0.83832133616443,0.794458267038746,0.800225026719854,14.0257233001059,15.4869404545927,7.53009339616401,11.8051693840709,0.401559208509047,0.378507033262402,0.445376984641887,0.429136880016769,0.0913659059186466,0.408604776358348,1.55,4.38,4.53,80.3,0.5,0.1,1.1,20
0.853531830659544,0.829337482886156,0.808143351317151,0.852218823789444,14.830645136052,16.7958483922062,12.6788143893937,16.02383248806,0.38746018868906,0.429701159326476,0.404634555440978,0.362240703707794,0.0216982557713171,0.431470085653127,1.55,4.38,4.53,80.3,0.5,0.1,1.1,20
0.84177096644172,0.766142978452204,0.848874547693937,0.754413622317254,10.4688841776864,6.51563137687626,13.203366773465,6.6597485948354,0.419308863841346,0.377400103960186,0.405815961179556,0.352774200062151,0.070844555932004,0.424124786568922,1.55,4.38,4.53,80.3,0.5,0.1,1.1,20
0.881183937553607,0.786860255254491,0.827466732478759,0.884867238111037,18.1846403736097,9.23315659341752,13.4764936537831,15.1341449784522,0.358659678552067,0.38535893404216,0.352129826241406,0.44021285907412,0.0949313577831606,0.40590804986225,1.55,4.38,4.53,80.3,0.5,0.1,1.1,20
0.786112747336796,0.765567181035876,0.857249862862285,0.866958874786156,18.8162491075112,19.3166152443446,15.6872583839053,16.0374292380759,0.427830327358679,0.404267999747419,0.441948655564338,0.411273918904248,0.0282580442206818,0.394194857307128,1.55,4.38,4.53,80.3,0.5,0.1,1.1,20
0.86898572648823,0.751993526346108,0.867151431905979,0.8939245137666,13.4572270904144,18.3381984620646,15.9162761693879,7.03767571817152,0.366733100940939,0.378152199067292,0.393926704615122,0.352030398224481,0.0339158320397837,0.35569146767538,1.55,4.38,4.53,80.3,0.5,0.1,1.1,20
0.753622484842432,0.808647026513005,0.786872800696932,0.850778125553741,9.43692252552137,8.55934363594279,12.8778199679509,8.44741674041725,0.377504412696697,0.4238119103387,0.433196840057964,0.438298899889458,0.0211569014225854,0.402845492391964,1.55,4.38,4.53,80.3,0.5,0.1,1.1,20
0.756228759999736,0.817076184986858,0.836677723480272,0.896179203291074,12.61894905722,17.5063815917936,8.74224461845588,17.3458206046897,0.439045798131498,0.419007137235487,0.359945343700587,0.357625956490752,0.074839742569672,0.439977418166935,1.55,4.38,4.53,80.3,0.5,0.1,1.1,20
0.761988684547891,0.826962404833641,0.756061213338689,0.839202270571666,11.4469429546502,6.06913533213665,15.2539189781819,19.4468772819906,0.42083962649235,0.426880986626959,0.379509201014065,0.38998782352102,0.0661107221016544,0.396724168204702,1.55,4.38,4.53,80.3,0.5,0.1,1.1,20
0.809390370473033,0.847324671832554,0.775843860378605,0.882029105201829,6.57985182350967,15.7140780124639,15.1939749568061,18.8086398959858,0.376269186566584,0.371170463074348,0.422360625967616,0.436318323913496,0.0236049522972549,0.371002804152668,1.55,4.38,4.53,80.3,0.5,0.1,1.1,20
0.837789565886837,0.837219940026873,0.798490153531311,0.850190630449215,19.6781794465147,14.6369805096707,14.8467592490837,7.21891181480023,0.442667259690119,0.398598213726655,0.39107701917924,0.36041385747306,0.0761835710605956,0.449030002499116,1.55,4.38,4.53,80.3,0.5,0.1,1.1,20
0.753808202521177,0.867211096092942,0.758139186700224,0.881886716859473,15.5510284355667,13.5351502504374,10.3076971817529,12.236231413082,0.393477247337229,0.429445671886671,0.401772054973873,0.378470908768242,0.0439416715875384,0.410580029577948,1.55,4.38,4.53,80.3,0.5,0.1,1.1,20
0.876284613812633,0.780778833779041,0.821747655588901,0.818107390675577,19.52973945064,8.1968138498778,6.72090946660028,19.0957474299532,0.435985767607112,0.381149601476267,0.442019887177041,0.427472369394382,0.0761361743230256,0.42820623866492,1.55,4.38,4.53,80.3,0.5,0.1,1.1,20
0.856529344815819,0.825110116758733,0.8164404549147,0.768290741175762,15.4458428879851,11.0265306838206,18.6563559030881,7.78502951292321,0.412208401763812,0.444695118143107,0.367094669562648,0.441535105573246,0.053689409398241,0.359294118155027,1.55,4.38,4.53,80.3,0.5,0.1,1.1,20
0.820034624383436,0.784068458393973,0.888673177163524,0.804188635182101,9.34629036174156,18.6616906099429,18.4142321089341,9.30375445454265,0.449746406183811,0.41379198360024,0.4110215015664,0.386731239970657,0.018094191199448,0.395188287560362,1.55,4.38,4.53,80.3,0.5,0.1,1.1,20
0.813910782876948,0.803235666847439,0.7512749073265,0.787850830817828,8.75794783472083,18.4406838973402,12.3816091379791,15.8110464140249,0.41157712701417,0.443298012285261,0.373065060439287,0.417231458359864,0.029756110661116,0.372850376964547,1.55,4.38,4.53,80.3,0.5,0.1,1.1,20
0.891375097962271,0.786124143819907,0.758418589750305,0.892138635196199,11.5535940430593,11.9590949864476,15.3548725908098,10.8677295122121,0.353598969898303,0.447451332011726,0.441082630805322,0.447215906889644,0.0699803102276521,0.373710973899812,1.55,4.38,4.53,80.3,0.5,0.1,1.1,20
0.775144926313951,0.851207020518137,0.821178140415112,0.87574152598239,14.6418406147102,12.2125808752084,6.17497961163754,9.49149851438124,0.395180161071243,0.357532824468566,0.397070154608111,0.444829163598712,0.0829600593739306,0.366028774917591,1.55,4.38,4.53,80.3,0.5,0.1,1.1,20
0.888356526559743,0.824537713704456,0.849643883563753,0.8476078946247,13.1267779807502,15.0048426937428,5.78900356426602,18.7496248541749,0.406073074958171,0.398257090131636,0.398929978022352,0.419382930618129,0.0474542101179715,0.432582649712684,1.55,4.38,4.53,80.3,0.5,0.1,1.1,20
0.771047076365619,0.821067379072658,0.776424552053504,0.774977994622488,16.2180598740059,10.7278567231493,7.6247036477027,8.7388497103937,0.402049026786466,0.367646411048481,0.371472670861869,0.380403437523521,0.0703188658980769,0.419004326917464,1.55,4.38,4.53,80.3,0.5,0.1,1.1,20
0.798005296978285,0.792382465180883,0.889840080827067,0.894792618237203,14.219712234335,17.0239570169593,16.4422925754334,17.7273272791994,0.440977691760287,0.380421277379617,0.403589856663253,0.37993579201831,0.0514475713992492,0.381249477684964,1.55,4.38,4.53,80.3,0.5,0.1,1.1,20
0.846877648135938,0.858588271303859,0.769131733718037,0.751700838919845,12.5189618150413,12.7529585723707,19.1383756574243,16.7805354669166,0.386960249493597,0.374298048075754,0.382028661595657,0.423593724718667,0.0480837204538519,0.365170879015583,1.55,4.38,4.53,80.3,0.5,0.1,1.1,20
0.875003077636531,0.868378923423006,0.882592376352987,0.897637327225821,18.2460679285636,7.61882694447995,13.1359254259092,18.6061565228913,0.400007529286901,0.428583874926902,0.376813694790239,0.394275744681363,0.0467342500772909,0.391352565192035,1.55,4.38,4.53,80.3,0.5,0.1,1.1,20
0.78452782229759,0.762013927063847,0.82617196241382,0.822192854231049,12.0282871854724,16.2637930923782,8.31589992865338,8.18783357508946,0.384532456643414,0.379260712484946,0.435588015753194,0.437962340516504,0.0197089754348272,0.438188408681308,1.55,4.38,4.53,80.3,0.5,0.1,1.1,20
0.873064363851445,0.755021338840365,0.795624116922962,0.890744722291595,10.0587101891171,19.0383071254357,6.29340542340069,5.33752390155569,0.359481309663388,0.362904058353743,0.438046274429304,0.383290909541189,0.098917150046723,0.374974243976176,1.55,4.38,4.53,80.3,0.5,0.1,1.1,20
0.811912308305386,0.806123659767327,0.888856075673655,0.863966053542565,16.3040940709878,5.49981878160033,19.0968657483987,10.4576562022965,0.443171972712502,0.40363549954351,0.375174270042451,0.370142549934098,0.0333793068771018,0.443292675510049,1.55,4.38,4.53,80.3,0.5,0.1,1.1,20
0.853378042487777,0.776520232274488,0.777961034643813,0.776068401155819,11.854281449155,12.1636130057857,11.7141535113973,13.1394046402012,0.358207796750939,0.405797894614749,0.368631782919634,0.39388767064712,0.0404660407142597,0.441581072123954,1.55,4.38,4.53,80.3,0.5,0.1,1.1,20
0.806288429788489,0.825993249669671,0.841523761486926,0.765841240945563,11.1739057696017,5.16921070324024,13.8718658989354,12.8780439894355,0.361867449199781,0.439587162945187,0.365733535081265,0.429749358497327,0.0811978171172086,0.443834214397357,1.55,4.38,4.53,80.3,0.5,0.1,1.1,20
0.886844789765426,0.760527402744745,0.830719591044181,0.794482198756363,5.42494520614273,13.2202546594781,9.40893666535849,18.2785094478517,0.441678545793751,0.418294291939121,0.37740511344187,0.396332678338862,0.0267344827607856,0.35793698720634,1.55,4.38,4.53,80.3,0.5,0.1,1.1,20
0.833243595908338,0.886000914916978,0.764669981824933,0.882786311278527,14.4753110063553,10.3680412967573,10.6627968515444,8.81026525076013,0.372069956850144,0.399289306683466,0.366956049741712,0.420101862470969,0.0897850922423415,0.404205125951907,1.55,4.38,4.53,80.3,0.5,0.1,1.1,20
0.812354996132723,0.816540231115767,0.83577865410765,0.878308684223739,10.9195043704531,9.81530638621771,10.7258069645788,11.0998327882553,0.438614935384132,0.449863583699567,0.382792178108357,0.417815436273464,0.011386444143462,0.426177338224137,1.55,4.38,4.53,80.3,0.5,0.1,1.1,20
0.861638999223593,0.850250931025541,0.828685099142196,0.809802499491256,9.83486151595134,12.867641968478,18.4836296915833,9.51390497334069,0.430081669638865,0.432499373772414,0.357717026406783,0.421386338130571,0.0248105723569752,0.429475150073413,1.55,4.38,4.53,80.3,0.5,0.1,1.1,20
0.807847951435775,0.768100386553095,0.779914508943271,0.819092895251757,19.0370335345913,5.10747005720623,10.5253967743833,13.2693878439371,0.361468232778367,0.415429504107102,0.359000147525338,0.35355954424222,0.0316867440592265,0.39899200920586,1.55,4.38,4.53,80.3,0.5,0.1,1.1,20
0.888848800341133,0.823052375858766,0.885302235073003,0.789854904617707,9.37267001576838,15.416718442773,7.23317807118292,14.092857673188,0.415256074477918,0.414596576257842,0.383681585531449,0.404292604476796,0.0217311656139558,0.423425736964098,1.55,4.38,4.53,80.3,0.5,0.1,1.1,20
0.887451928584196,0.77533447458793,0.75900790273858,0.898662386975891,14.0910635136825,9.56674147706362,12.165884955076,12.595478859992,0.440006085067289,0.380700105818571,0.371543397898902,0.422688261263422,0.0486024565715226,0.385511322883423,1.55,4.38,4.53,80.3,0.5,0.1,1.1,20
0.81919979241793,0.778693448929873,0.840129058506224,0.825764800483827,9.10078346795053,16.1499792127812,16.5571215314441,17.9462819532491,0.432888240356813,0.424767168508261,0.379196816049051,0.433079013928189,0.0497764468899346,0.424609739963315,1.55,4.38,4.53,80.3,0.5,0.1,1.1,20
0.880298289710598,0.819555397976423,0.760382414596737,0.80511489875929,6.99113714653067,7.47092876493698,13.6990800345957,5.58085137942107,0.388612300090492,0.448220434856601,0.430476726569701,0.353451489226427,0.0955546336565283,0.420653593493043,1.55,4.38,4.53,80.3,0.5,0.1,1.1,20
0.829576647934271,0.76292091806297,0.859847629341879,0.77396493402659,16.3796939950204,8.79898883855203,9.85193715160131,11.3434216984489,0.439727941089775,0.437052881729323,0.384800990401884,0.414529540809454,0.0173930896998383,0.35043560674286,1.55,4.38,4.53,80.3,0.5,0.1,1.1,20
0.863343592792342,0.770242304134648,0.822636668949912,0.836639026302088,15.0903519416112,19.4918249216804,14.5023460620141,19.1418296695338,0.429077274726704,0.37069475374301,0.38776068133628,0.376659460814903,0.0360286432760069,0.41330320046877,1.55,4.38,4.53,80.3,0.5,0.1,1.1,20
0.8954727453792,0.893776787590294,0.895224303872965,0.832206196273444,7.45961097287946,5.32694452869473,6.73117928454885,17.7772386258061,0.364965195195866,0.368296426540939,0.364674874420394,0.409960871198215,0.0779190127473907,0.399505407608696,1.55,4.38,4.53,80.3,0.5,0.1,1.1,20
0.751839610030758,0.767777071498102,0.75497292410658,0.759258817816735,8.50136117096408,5.90575345599791,16.3721170572797,15.2097241397423,0.409470755428076,0.433466030502576,0.389011583780986,0.414372118530446,0.0459005457204534,0.404963981866138,1.55,4.38,4.53,80.3,0.5,0.1,1.1,20
0.84861512730096,0.835063791428169,0.868071084590221,0.752736878337222,12.2714184635901,10.1942145288282,14.1943330799462,18.1220536020061,0.355685305422987,0.407628630770836,0.406389110882417,0.411827430148609,0.0521788169012056,0.39920396767999,1.55,4.38,4.53,80.3,0.5,0.1,1.1,20
0.8842254123108,0.845698925084027,0.81341235585243,0.791003591115237,15.8705535457237,12.0643153322337,8.26379255362554,11.2607845950057,0.415592709382414,0.422301060817787,0.376420383854886,0.384151646157377,0.062612223356578,0.416401784632239,1.55,4.38,4.53,80.3,0.5,0.1,1.1,20
0.877515231378959,0.879891557153373,0.862565902894246,0.86906364247558,13.3463675350708,9.77106366654043,10.465007985686,9.38607917023473,0.37566226069571,0.430955719591235,0.39693775844085,0.361592506059562,0.0157608139807824,0.353340383985662,1.55,4.38,4.53,80.3,0.5,0.1,1.1,20
0.851519547917764,0.897467374803149,0.777217189252668,0.856060678920534,6.1856906069559,16.4465934258711,9.69010379199754,5.27351707900525,0.449239564452437,0.409344120962196,0.432380182291498,0.435862068679766,0.0925589433600544,0.412017410282162,1.55,4.38,4.53,80.3,0.5,0.1,1.1,20
0.893192985294387,0.887658980785869,0.844955675032572,0.79407761427731,17.5968804800825,14.2782963438716,7.45239450401859,7.59721028360073,0.418820773817599,0.384672672925866,0.375615326510393,0.437130811759504,0.0698146118721925,0.369492607093882,1.55,4.38,4.53,80.3,0.5,0.1,1.1,20
0.801422170667269,0.832068115234491,0.883048698381695,0.798557044091926,13.9823529132933,6.71381825365243,18.8063568597252,16.3524265370565,0.445300697713625,0.426092202328728,0.412871404031525,0.394913967649569,0.0886672104182304,0.40976088782656,1.55,4.38,4.53,80.3,0.5,0.1,1.1,20
0.778415246362332,0.83091557758284,0.819671899823647,0.780045917712094,5.07747249498498,9.99668282183702,13.8389515435498,12.3019788550155,0.373091998182004,0.408924288600916,0.394942773290561,0.371530987917446,0.0328879944439163,0.373377455203445,1.55,4.38,4.53,80.3,0.5,0.1,1.1,20
0.811095390872739,0.809436285559146,0.77283298873168,0.844587809765304,14.9733641196741,9.71789676289773,13.0429336287896,10.739603106241,0.417574029102456,0.446311786623322,0.35277704315423,0.425902197131421,0.0427713964834809,0.379712954380084,1.55,4.38,4.53,80.3,0.5,0.1,1.1,20
0.851059572611237,0.777964783213742,0.803288755059592,0.886710802631511,6.87093793337699,13.148511966411,18.2596852965595,9.87734671426006,0.414440570482402,0.363675816004747,0.408646459137555,0.40704277493956,0.0981898756061331,0.380115343815531,1.55,4.38,4.53,80.3,0.5,0.1,1.1,20
0.828234320096963,0.89811970016628,0.823194114403683,0.770600975682784,6.34852124829777,9.05949831600883,7.15058830864146,6.22152707336936,0.446854799500667,0.382757461118978,0.44494207551016,0.428219232950243,0.0713844028004795,0.382626961074187,1.55,4.38,4.53,80.3,0.5,0.1,1.1,20
0.788220648633374,0.870640556697501,0.875634499240376,0.75770207783865,7.32185371521628,11.3680584217829,12.7339308351802,12.7525436651427,0.392190115919802,0.377980442183791,0.388598909216351,0.434467886261409,0.0272259248371818,0.387668603703147,1.55,4.38,4.53,80.3,0.5,0.1,1.1,20
0.822260300740949,0.796965423014655,0.891858574073995,0.802813746608736,16.8474369436677,11.8204363519617,15.1003892260778,10.1249380230671,0.446348669052357,0.365032446523081,0.380220297417138,0.432742705392418,0.0851648657572689,0.438711317192414,1.55,4.38,4.53,80.3,0.5,0.1,1.1,20
0.831952615527087,0.831418034260569,0.799648704093299,0.812566151961393,15.6681588757259,18.8255785390153,16.3075468862837,15.0323763953347,0.396278915120522,0.364266690862714,0.413577778752195,0.369006966897286,0.0531322561496287,0.445443835803191,1.55,4.38,4.53,80.3,0.5,0.1,1.1,20
0.799136627282307,0.857923627411597,0.761178029410075,0.76254439082538,11.2690043327806,9.49318678628188,10.5755529359856,6.3701274268562,0.375267933097784,0.425089172079112,0.400852359945071,0.364945012997254,0.0168622862408287,0.351626113611041,1.55,4.38,4.53,80.3,0.5,0.1,1.1,20
0.822896963681735,0.750320792832237,0.79882983027224,0.797870368519099,6.57202441873378,10.2763636500749,19.7614273117913,17.0747000215866,0.389484858730808,0.436935598469805,0.405356233355124,0.355672894243151,0.0807966185533092,0.366843580151093,1.55,4.38,4.53,80.3,0.5,0.1,1.1,20
0.885828691745759,0.853984898052004,0.824355815120798,0.854388216448948,7.9760452477436,11.3950343974575,18.3286174321605,13.3809848970093,0.425522752022604,0.401850514977472,0.42865826444095,0.387548289988306,0.0672113262370927,0.431674176136847,1.55,4.38,4.53,80.3,0.5,0.1,1.1,20
0.84515205236699,0.844073426069983,0.898772136844753,0.767415495651949,19.3203901475936,10.5647673076252,16.2269105041865,5.96937461321359,0.399004978618119,0.441394887898816,0.387330192312365,0.375606707284926,0.0938143165382091,0.432414947614772,1.55,4.38,4.53,80.3,0.5,0.1,1.1,20
0.896889764065971,0.771415683698666,0.851212033635587,0.825425839873147,14.3090829887777,14.5138266973372,13.6125539884437,11.6632498667226,0.383043941837037,0.417397948222933,0.436835707294056,0.395108894473407,0.0970394658635254,0.421240671342472,1.55,4.38,4.53,80.3,0.5,0.1,1.1,20
0.757733425553888,0.795331352563051,0.783367650101718,0.802259992530802,10.0017331226671,7.35753372125328,9.76066300669918,19.5591431329318,0.397504963946063,0.351500846097711,0.372719088021084,0.381909543734742,0.0446932027294184,0.416620162514853,1.55,4.38,4.53,80.3,0.5,0.1,1.1,20
0.757181994883809,0.898992152485647,0.790791713696555,0.807843078742619,17.9742755487561,13.6864630930184,17.3604517872038,6.94073992411722,0.408294588204008,0.390228792093927,0.372435295094852,0.412192659590393,0.014170774825511,0.414223771708785,1.55,4.38,4.53,80.3,0.5,0.1,1.1,20
0.826116334509279,0.81807423642464,0.878931560306344,0.835047668160929,10.9675181993982,12.5016215862299,14.7378412130929,5.65550224262988,0.350500597526552,0.366613704557298,0.440882238010876,0.368340860866942,0.0508184975838754,0.407218042074004,1.55,4.38,4.53,80.3,0.5,0.1,1.1,20
0.89190824681567,0.756969759611646,0.879284083882871,0.777077935196227,16.5914403690724,8.02247035834589,12.201910532784,13.5573836803727,0.40343825101445,0.368688076086342,0.40400464362558,0.444160001790035,0.0840028187438496,0.411448360685725,1.55,4.38,4.53,80.3,0.5,0.1,1.1,20
0.827507578127668,0.785238345263118,0.797698145079485,0.833467950947117,12.917055035755,16.6017057018995,5.71408210537047,6.15520607908838,0.353495950635988,0.418955013155355,0.449605783705134,0.396946380599169,0.0558041480453452,0.422773962267675,1.55,4.38,4.53,80.3,0.5,0.1,1.1,20
0.804433929013729,0.878465239154699,0.78082911866944,0.807085953110363,17.8285694472608,17.1951158865239,7.99197472639498,18.3688526155893,0.444403805682203,0.37475713822688,0.446917183274985,0.366573114930885,0.0846053045588662,0.360143560302095,1.55,4.38,4.53,80.3,0.5,0.1,1.1,20
0.897257556287572,0.895613514144207,0.781949929204071,0.828907518651628,5.17770628888975,18.2442560092371,9.0129364048189,11.0396771797736,0.371994002168649,0.412710716426605,0.435233187543112,0.413953172895592,0.0535183882480254,0.36800305599696,1.55,4.38,4.53,80.3,0.5,0.1,1.1,20
0.834507277380384,0.859905413060216,0.837806845472893,0.801551369248889,12.3968415926502,6.23565921605332,12.0487540923641,19.9801558373787,0.382672396262176,0.409795430986444,0.403111766038928,0.38573781732982,0.040036921639042,0.377135692646378,1.55,4.38,4.53,80.3,0.5,0.1,1.1,20
0.792593954567565,0.862327738360909,0.833107065795281,0.826713246176485,19.9267675448151,17.1039219628787,7.39881532588624,8.49083989160718,0.431597876091139,0.356600729451282,0.361422279023449,0.441059635886923,0.042319439193001,0.393236132834223,1.55,4.38,4.53,80.3,0.5,0.1,1.1,20
0.8582153333858,0.814035617634596,0.84351847751881,0.811505041730649,18.2937189678894,18.5609997401887,19.2166959364607,15.3558740731212,0.41032493356138,0.395687611251604,0.358341122411657,0.390878013297915,0.0225463236934389,0.374096215809346,1.55,4.38,4.53,80.3,0.5,0.1,1.1,20
0.79323767457559,0.789786720806093,0.76180877381569,0.881231174805842,10.3425783766841,7.89206300697988,6.58645477793762,13.7693244286114,0.389892169727595,0.387065711262054,0.39762982629484,0.361418293925468,0.0363446052876534,0.439128141653026,1.55,4.38,4.53,80.3,0.5,0.1,1.1,20
0.859387113222561,0.896553225385084,0.861440170182672,0.756867783260357,14.2741255299654,19.1105047511519,14.6655300918501,19.3673130814277,0.424320022992906,0.424314765190938,0.370115048162639,0.363355971557205,0.0680322936778772,0.365747900594491,1.55,4.38,4.53,80.3,0.5,0.1,1.1,20
0.767828191958077,0.82402973569301,0.801182053492754,0.889310625029553,16.066739435168,8.30298293196829,19.2818165340635,7.75959597486071,0.416340564363636,0.391464266333496,0.401066265934613,0.358256832946092,0.058457896119426,0.417574596965802,1.55,4.38,4.53,80.3,0.5,0.1,1.1,20
0.846235242666677,0.865003308832355,0.802020293034031,0.758372269951506,11.8125060162274,7.82611583850812,14.123702996131,18.5392497189692,0.409769746052567,0.402546005736454,0.398243540791911,0.408788958299207,0.0570434605181217,0.394699135036906,1.55,4.38,4.53,80.3,0.5,0.1,1.1,20
0.893856875446276,0.89152675779647,0.775461843473429,0.784308667409176,13.8754537870467,5.54585768496036,16.0995371428027,8.07425954270875,0.390786486268276,0.433679134686012,0.423282661100617,0.377066354816314,0.093622805715364,0.419911956416559,1.55,4.38,4.53,80.3,0.5,0.1,1.1,20
0.854954920613556,0.779574483940553,0.837579731601058,0.847421413859935,5.9624216907192,14.364350141288,18.186727969104,11.8800848708779,0.435319299790193,0.40133571040479,0.364371367504238,0.400466173686553,0.062827523817285,0.42855689234368,1.55,4.38,4.53,80.3,0.5,0.1,1.1,20
0.80610446566972,0.780181820538885,0.766193502724345,0.846068338886776,15.9901345717779,18.9804923712509,10.911985000706,16.6933372932894,0.445851579779759,0.363107850758941,0.417300437398721,0.447656459925463,0.0301609415788087,0.377907244554255,1.55,4.38,4.53,80.3,0.5,0.1,1.1,20
0.813387209526845,0.851512269023457,0.872772434345505,0.84117500479077,11.4855546584819,17.4271369331458,15.7971786937211,17.5085785927949,0.436681399695925,0.365746352477232,0.385770477203303,0.365210244463757,0.0145150266606826,0.434698155816412,1.55,4.38,4.53,80.3,0.5,0.1,1.1,20
0.894523484737147,0.753121243750211,0.832104231563048,0.755486625827383,8.39685821994208,12.3669853030937,19.6580600887944,12.1452234915691,0.43144741156348,0.366014951593708,0.417957570862025,0.377631947837072,0.0666700919997762,0.350879440674791,1.55,4.38,4.53,80.3,0.5,0.1,1.1,20
0.77273582526535,0.84363266494585,0.891595227368816,0.853179142605804,16.1090977256303,7.51489251137245,14.0313067241339,14.5413853355101,0.351428752354463,0.35275462497992,0.414871641429374,0.359372527988628,0.0687535520958947,0.361297677637078,1.55,4.38,4.53,80.3,0.5,0.1,1.1,20
0.849929836895317,0.879389210043533,0.847555727202504,0.85698351756006,8.69765940337093,12.4608241120295,15.0359954189509,8.65803185831173,0.368041901552002,0.423327807370923,0.431037851691013,0.445138388860389,0.018173791717994,0.378967148027499,1.55,4.38,4.53,80.3,0.5,0.1,1.1,20
0.797687702881813,0.757826505083009,0.892675538557582,0.780975324490399,12.6980900218769,15.5720048656047,6.97439896013821,11.4007859586563,0.376878402071423,0.364941958077834,0.445683806133922,0.392915383552317,0.0408627072045929,0.398002067476278,1.55,4.38,4.53,80.3,0.5,0.1,1.1,20
0.779923562549113,0.899343675958458,0.790170641362842,0.843807876778941,18.6343282494694,19.8007141745009,19.3528157033201,16.6218756356917,0.357796366859111,0.405028541897889,0.368061228237813,0.43663568043639,0.0546960886961198,0.43428185841511,1.55,4.38,4.53,80.3,0.5,0.1,1.1,20
