yearc,stg,m,l,u,na.rm,agegp,cat,timex
1999,F,144.706,133.394,152.931,TRUE,<1y,Fitted,prepcv13
1999,F,35.493,32.417,37.731,TRUE,1-4y,Fitted,prepcv13
1999,F,1.012,0.917,1.085,TRUE,5-17y,Fitted,prepcv13
1999,F,7.087,6.409,7.602,TRUE,18+y,Fitted,prepcv13
1999,N,161.874,151.003,170.755,TRUE,<1y,Fitted,prepcv13
1999,N,41.837,38.734,44.404,TRUE,1-4y,Fitted,prepcv13
1999,N,14.305,13.108,15.267,TRUE,5-17y,Fitted,prepcv13
1999,N,78.69,72.027,84.014,TRUE,18+y,Fitted,prepcv13
1999,V,1063.282,991.919,1150.436,TRUE,<1y,Fitted,prepcv13
1999,V,247.56,229.211,270.401,TRUE,1-4y,Fitted,prepcv13
1999,V,18.366,16.831,20.197,TRUE,5-17y,Fitted,prepcv13
1999,V,111.21,101.839,122.398,TRUE,18+y,Fitted,prepcv13
2000,F,144.706,133.394,152.931,TRUE,<1y,Fitted,prepcv13
2000,F,35.493,32.417,37.731,TRUE,1-4y,Fitted,prepcv13
2000,F,1.012,0.917,1.085,TRUE,5-17y,Fitted,prepcv13
2000,F,7.087,6.409,7.602,TRUE,18+y,Fitted,prepcv13
2000,N,161.874,151.003,170.755,TRUE,<1y,Fitted,prepcv13
2000,N,41.837,38.734,44.404,TRUE,1-4y,Fitted,prepcv13
2000,N,14.305,13.108,15.267,TRUE,5-17y,Fitted,prepcv13
2000,N,78.69,72.027,84.014,TRUE,18+y,Fitted,prepcv13
2000,V,1063.282,991.919,1150.436,TRUE,<1y,Fitted,prepcv13
2000,V,247.56,229.211,270.401,TRUE,1-4y,Fitted,prepcv13
2000,V,18.366,16.831,20.197,TRUE,5-17y,Fitted,prepcv13
2000,V,111.21,101.839,122.398,TRUE,18+y,Fitted,prepcv13
2001,F,56.811,51.548,61.034,TRUE,<1y,Fitted,prepcv13
2001,F,29.994,27.013,32.18,TRUE,1-4y,Fitted,prepcv13
2001,F,0.918,0.82,0.991,TRUE,5-17y,Fitted,prepcv13
2001,F,6.366,5.678,6.886,TRUE,18+y,Fitted,prepcv13
2001,N,297.577,280.189,311.834,TRUE,<1y,Fitted,prepcv13
2001,N,60.972,56.944,64.515,TRUE,1-4y,Fitted,prepcv13
2001,N,15.906,14.7,16.957,TRUE,5-17y,Fitted,prepcv13
2001,N,87.227,80.58,93.047,TRUE,18+y,Fitted,prepcv13
2001,V,411.501,377.165,450.085,TRUE,<1y,Fitted,prepcv13
2001,V,207.128,189.199,228.46,TRUE,1-4y,Fitted,prepcv13
2001,V,16.481,14.937,18.338,TRUE,5-17y,Fitted,prepcv13
2001,V,98.858,89.429,110.143,TRUE,18+y,Fitted,prepcv13
2002,F,29.649,25.03,34.276,TRUE,<1y,Fitted,prepcv13
2002,F,22.403,19.156,24.571,TRUE,1-4y,Fitted,prepcv13
2002,F,0.779,0.666,0.863,TRUE,5-17y,Fitted,prepcv13
2002,F,5.415,4.613,6.015,TRUE,18+y,Fitted,prepcv13
2002,N,364.731,347.871,377.609,TRUE,<1y,Fitted,prepcv13
2002,N,98.467,92.913,103.014,TRUE,1-4y,Fitted,prepcv13
2002,N,19.176,17.977,20.263,TRUE,5-17y,Fitted,prepcv13
2002,N,102.074,95.658,108.072,TRUE,18+y,Fitted,prepcv13
2002,V,213.643,183.861,242.457,TRUE,<1y,Fitted,prepcv13
2002,V,152.377,133.765,172.311,TRUE,1-4y,Fitted,prepcv13
2002,V,13.779,12.045,15.691,TRUE,5-17y,Fitted,prepcv13
2002,V,82.935,72.205,94.53,TRUE,18+y,Fitted,prepcv13
2003,F,19.635,15.539,24.876,TRUE,<1y,Fitted,prepcv13
2003,F,16.625,13.309,19.22,TRUE,1-4y,Fitted,prepcv13
2003,F,0.656,0.531,0.751,TRUE,5-17y,Fitted,prepcv13
2003,F,4.617,3.725,5.307,TRUE,18+y,Fitted,prepcv13
2003,N,398.916,380.986,411.186,TRUE,<1y,Fitted,prepcv13
2003,N,135.397,126.015,141.824,TRUE,1-4y,Fitted,prepcv13
2003,N,22.71,21.433,23.857,TRUE,5-17y,Fitted,prepcv13
2003,N,115.731,109.115,121.565,TRUE,18+y,Fitted,prepcv13
2003,V,141.602,113.426,168.663,TRUE,<1y,Fitted,prepcv13
2003,V,110.759,92.878,131.274,TRUE,1-4y,Fitted,prepcv13
2003,V,11.489,9.553,13.674,TRUE,5-17y,Fitted,prepcv13
2003,V,69.968,57.997,83.545,TRUE,18+y,Fitted,prepcv13
2004,F,15.348,11.35,21.078,TRUE,<1y,Fitted,prepcv13
2004,F,12.55,9.376,15.646,TRUE,1-4y,Fitted,prepcv13
2004,F,0.556,0.422,0.665,TRUE,5-17y,Fitted,prepcv13
2004,F,3.995,3.028,4.783,TRUE,18+y,Fitted,prepcv13
2004,N,417.17,399.592,430.29,TRUE,<1y,Fitted,prepcv13
2004,N,166.708,151.507,174.952,TRUE,1-4y,Fitted,prepcv13
2004,N,26.214,24.626,27.578,TRUE,5-17y,Fitted,prepcv13
2004,N,128.58,121.398,134.667,TRUE,18+y,Fitted,prepcv13
2004,V,109.972,82.417,138.258,TRUE,<1y,Fitted,prepcv13
2004,V,83.344,65.148,102.255,TRUE,1-4y,Fitted,prepcv13
2004,V,9.612,7.619,11.981,TRUE,5-17y,Fitted,prepcv13
2004,V,59.893,47.256,74.783,TRUE,18+y,Fitted,prepcv13
2005,F,13.098,8.983,19.086,TRUE,<1y,Fitted,prepcv13
2005,F,9.771,6.77,13.123,TRUE,1-4y,Fitted,prepcv13
2005,F,0.48,0.336,0.602,TRUE,5-17y,Fitted,prepcv13
2005,F,3.527,2.476,4.406,TRUE,18+y,Fitted,prepcv13
2005,N,429.272,411.139,442.398,TRUE,<1y,Fitted,prepcv13
2005,N,191.472,169.794,201.195,TRUE,1-4y,Fitted,prepcv13
2005,N,29.808,27.452,31.43,TRUE,5-17y,Fitted,prepcv13
2005,N,142.482,133.286,149.633,TRUE,18+y,Fitted,prepcv13
2005,V,92.489,64.843,121.642,TRUE,<1y,Fitted,prepcv13
2005,V,65.23,46.723,82.739,TRUE,1-4y,Fitted,prepcv13
2005,V,8.138,6.035,10.587,TRUE,5-17y,Fitted,prepcv13
2005,V,51.804,38.444,67.834,TRUE,18+y,Fitted,prepcv13
2006,F,11.667,7.372,17.854,TRUE,<1y,Fitted,prepcv13
2006,F,7.891,5.012,11.377,TRUE,1-4y,Fitted,prepcv13
2006,F,0.414,0.268,0.554,TRUE,5-17y,Fitted,prepcv13
2006,F,3.132,2.033,4.139,TRUE,18+y,Fitted,prepcv13
2006,N,437.744,418.313,450.837,TRUE,<1y,Fitted,prepcv13
2006,N,210.711,182.805,222.335,TRUE,1-4y,Fitted,prepcv13
2006,N,33.339,29.995,35.193,TRUE,5-17y,Fitted,prepcv13
2006,N,158.361,144.986,166.797,TRUE,18+y,Fitted,prepcv13
2006,V,81.147,52.645,110.892,TRUE,<1y,Fitted,prepcv13
2006,V,52.211,34.276,69.658,TRUE,1-4y,Fitted,prepcv13
2006,V,6.94,4.777,9.402,TRUE,5-17y,Fitted,prepcv13
2006,V,45.459,31.349,62.081,TRUE,18+y,Fitted,prepcv13
2007,F,10.449,6.117,17,TRUE,<1y,Fitted,prepcv13
2007,F,6.471,3.816,10.203,TRUE,1-4y,Fitted,prepcv13
2007,F,0.362,0.215,0.515,TRUE,5-17y,Fitted,prepcv13
2007,F,2.806,1.679,3.927,TRUE,18+y,Fitted,prepcv13
2007,N,444.283,423.643,457.204,TRUE,<1y,Fitted,prepcv13
2007,N,225.224,192.083,238.825,TRUE,1-4y,Fitted,prepcv13
2007,N,36.696,32.289,38.927,TRUE,5-17y,Fitted,prepcv13
2007,N,176.231,157.189,186.448,TRUE,18+y,Fitted,prepcv13
2007,V,72.55,43.143,102.947,TRUE,<1y,Fitted,prepcv13
2007,V,43.017,25.627,60.306,TRUE,1-4y,Fitted,prepcv13
2007,V,6.006,3.772,8.367,TRUE,5-17y,Fitted,prepcv13
2007,V,40.297,25.535,56.955,TRUE,18+y,Fitted,prepcv13
2008,F,9.491,5.052,16.337,TRUE,<1y,Fitted,prepcv13
2008,F,5.485,2.912,9.426,TRUE,1-4y,Fitted,prepcv13
2008,F,0.316,0.173,0.481,TRUE,5-17y,Fitted,prepcv13
2008,F,2.533,1.391,3.756,TRUE,18+y,Fitted,prepcv13
2008,N,449.377,427.548,462.424,TRUE,<1y,Fitted,prepcv13
2008,N,236.7,198.793,251.721,TRUE,1-4y,Fitted,prepcv13
2008,N,39.884,34.215,42.568,TRUE,5-17y,Fitted,prepcv13
2008,N,196.277,169.73,209.233,TRUE,18+y,Fitted,prepcv13
2008,V,65.053,35.326,96.827,TRUE,<1y,Fitted,prepcv13
2008,V,35.742,19.43,53.46,TRUE,1-4y,Fitted,prepcv13
2008,V,5.211,2.966,7.563,TRUE,5-17y,Fitted,prepcv13
2008,V,36.008,20.71,52.598,TRUE,18+y,Fitted,prepcv13
2009,F,8.697,4.15,15.801,TRUE,<1y,Fitted,prepcv13
2009,F,4.81,2.243,8.859,TRUE,1-4y,Fitted,prepcv13
2009,F,0.279,0.136,0.45,TRUE,5-17y,Fitted,prepcv13
2009,F,2.297,1.138,3.616,TRUE,18+y,Fitted,prepcv13
2009,N,453.681,430.515,466.746,TRUE,<1y,Fitted,prepcv13
2009,N,245.651,203.854,261.973,TRUE,1-4y,Fitted,prepcv13
2009,N,42.836,35.824,46.025,TRUE,5-17y,Fitted,prepcv13
2009,N,217.768,181.386,234.72,TRUE,18+y,Fitted,prepcv13
2009,V,58.636,28.743,91.711,TRUE,<1y,Fitted,prepcv13
2009,V,30.179,14.857,48.565,TRUE,1-4y,Fitted,prepcv13
2009,V,4.575,2.318,6.886,TRUE,5-17y,Fitted,prepcv13
2009,V,32.151,16.675,49.031,TRUE,18+y,Fitted,prepcv13
2010,F,5.934,2.906,9.445,TRUE,<1y,Fitted,postpcv13
2010,F,3.209,1.401,5.954,TRUE,1-4y,Fitted,postpcv13
2010,F,0.223,0.103,0.365,TRUE,5-17y,Fitted,postpcv13
2010,F,1.973,0.914,3.112,TRUE,18+y,Fitted,postpcv13
2010,N,42.579,41.448,43.967,TRUE,<1y,Fitted,postpcv13
2010,N,30.24,27.416,39.047,TRUE,1-4y,Fitted,postpcv13
2010,N,5.756,5.495,6.006,TRUE,5-17y,Fitted,postpcv13
2010,N,91.424,86.073,94.976,TRUE,18+y,Fitted,postpcv13
2010,V,124.748,73.104,171.658,TRUE,<1y,Fitted,postpcv13
2010,V,63.658,33.5,105.053,TRUE,1-4y,Fitted,postpcv13
2010,V,10.581,5.889,15.023,TRUE,5-17y,Fitted,postpcv13
2010,V,66.956,37.818,96.032,TRUE,18+y,Fitted,postpcv13
2011,F,5.669,2.954,9.568,TRUE,<1y,Fitted,postpcv13
2011,F,2.39,1.041,4.585,TRUE,1-4y,Fitted,postpcv13
2011,F,0.175,0.076,0.3,TRUE,5-17y,Fitted,postpcv13
2011,F,1.567,0.709,2.671,TRUE,18+y,Fitted,postpcv13
2011,N,53.446,52.313,55.873,TRUE,<1y,Fitted,postpcv13
2011,N,28.7,26.213,35.864,TRUE,1-4y,Fitted,postpcv13
2011,N,5.708,5.474,5.982,TRUE,5-17y,Fitted,postpcv13
2011,N,93.069,88.807,96.783,TRUE,18+y,Fitted,postpcv13
2011,V,118.632,68.133,162.435,TRUE,<1y,Fitted,postpcv13
2011,V,46.283,25.063,75.561,TRUE,1-4y,Fitted,postpcv13
2011,V,7.885,4.292,11.658,TRUE,5-17y,Fitted,postpcv13
2011,V,53.473,28.924,79.588,TRUE,18+y,Fitted,postpcv13
2012,F,4.954,2.436,9.685,TRUE,<1y,Fitted,postpcv13
2012,F,1.91,0.806,3.668,TRUE,1-4y,Fitted,postpcv13
2012,F,0.136,0.054,0.253,TRUE,5-17y,Fitted,postpcv13
2012,F,1.273,0.527,2.416,TRUE,18+y,Fitted,postpcv13
2012,N,58.067,56.809,61.04,TRUE,<1y,Fitted,postpcv13
2012,N,29.116,26.279,34.758,TRUE,1-4y,Fitted,postpcv13
2012,N,5.717,5.439,6.032,TRUE,5-17y,Fitted,postpcv13
2012,N,95.392,91.428,98.476,TRUE,18+y,Fitted,postpcv13
2012,V,103.763,53.501,145.382,TRUE,<1y,Fitted,postpcv13
2012,V,36.753,18.453,57.388,TRUE,1-4y,Fitted,postpcv13
2012,V,6.057,2.965,9.175,TRUE,5-17y,Fitted,postpcv13
2012,V,42.735,21.326,65.076,TRUE,18+y,Fitted,postpcv13
2013,F,4.201,1.711,8.981,TRUE,<1y,Fitted,postpcv13
2013,F,1.522,0.585,3.197,TRUE,1-4y,Fitted,postpcv13
2013,F,0.104,0.039,0.215,TRUE,5-17y,Fitted,postpcv13
2013,F,1.057,0.401,2.136,TRUE,18+y,Fitted,postpcv13
2013,N,60.153,58.929,63.299,TRUE,<1y,Fitted,postpcv13
2013,N,30.192,26.829,36.549,TRUE,1-4y,Fitted,postpcv13
2013,N,5.751,5.487,6.134,TRUE,5-17y,Fitted,postpcv13
2013,N,97.532,93.664,100.36,TRUE,18+y,Fitted,postpcv13
2013,V,89.077,39.434,129.301,TRUE,<1y,Fitted,postpcv13
2013,V,30.199,12.944,44.236,TRUE,1-4y,Fitted,postpcv13
2013,V,4.684,2.012,7.317,TRUE,5-17y,Fitted,postpcv13
2013,V,34.159,15.056,53.044,TRUE,18+y,Fitted,postpcv13
2014,F,3.389,1.145,8.387,TRUE,<1y,Fitted,postpcv13
2014,F,1.238,0.393,3.02,TRUE,1-4y,Fitted,postpcv13
2014,F,0.078,0.025,0.184,TRUE,5-17y,Fitted,postpcv13
2014,F,0.826,0.262,1.851,TRUE,18+y,Fitted,postpcv13
2014,N,61.17,59.992,64.328,TRUE,<1y,Fitted,postpcv13
2014,N,31.311,27.661,39.654,TRUE,1-4y,Fitted,postpcv13
2014,N,5.825,5.566,6.251,TRUE,5-17y,Fitted,postpcv13
2014,N,99.964,96.159,102.478,TRUE,18+y,Fitted,postpcv13
2014,V,71.72,27.102,116.456,TRUE,<1y,Fitted,postpcv13
2014,V,24.211,9.214,39.468,TRUE,1-4y,Fitted,postpcv13
2014,V,3.641,1.306,5.792,TRUE,5-17y,Fitted,postpcv13
2014,V,27.955,10.058,43.63,TRUE,18+y,Fitted,postpcv13
2015,F,2.686,0.735,7.602,TRUE,<1y,Fitted,postpcv13
2015,F,1.011,0.261,2.806,TRUE,1-4y,Fitted,postpcv13
2015,F,0.06,0.015,0.154,TRUE,5-17y,Fitted,postpcv13
2015,F,0.642,0.164,1.611,TRUE,18+y,Fitted,postpcv13
2015,N,61.762,60.668,64.782,TRUE,<1y,Fitted,postpcv13
2015,N,32.591,28.678,42.432,TRUE,1-4y,Fitted,postpcv13
2015,N,5.908,5.671,6.377,TRUE,5-17y,Fitted,postpcv13
2015,N,102.414,98.157,104.845,TRUE,18+y,Fitted,postpcv13
2015,V,55.919,17.816,99.202,TRUE,<1y,Fitted,postpcv13
2015,V,19.72,5.94,34.446,TRUE,1-4y,Fitted,postpcv13
2015,V,2.743,0.858,4.831,TRUE,5-17y,Fitted,postpcv13
2015,V,21.879,6.76,38.54,TRUE,18+y,Fitted,postpcv13
2016,F,2.116,0.441,7.027,TRUE,<1y,Fitted,postpcv13
2016,F,0.777,0.16,2.642,TRUE,1-4y,Fitted,postpcv13
2016,F,0.044,0.009,0.134,TRUE,5-17y,Fitted,postpcv13
2016,F,0.476,0.099,1.424,TRUE,18+y,Fitted,postpcv13
2016,N,62.088,61.134,65.061,TRUE,<1y,Fitted,postpcv13
2016,N,33.661,29.763,45.054,TRUE,1-4y,Fitted,postpcv13
2016,N,6.036,5.797,6.509,TRUE,5-17y,Fitted,postpcv13
2016,N,105.36,100.271,107.54,TRUE,18+y,Fitted,postpcv13
2016,V,40.962,10.989,83.268,TRUE,<1y,Fitted,postpcv13
2016,V,14.736,3.598,30.804,TRUE,1-4y,Fitted,postpcv13
2016,V,1.991,0.518,3.888,TRUE,5-17y,Fitted,postpcv13
2016,V,15.878,4.236,31.845,TRUE,18+y,Fitted,postpcv13
2017,F,1.644,0.255,6.332,TRUE,<1y,Fitted,postpcv13
2017,F,0.624,0.094,2.471,TRUE,1-4y,Fitted,postpcv13
2017,F,0.031,0.005,0.122,TRUE,5-17y,Fitted,postpcv13
2017,F,0.356,0.059,1.291,TRUE,18+y,Fitted,postpcv13
2017,N,62.333,61.478,65.254,TRUE,<1y,Fitted,postpcv13
2017,N,34.764,30.626,47.401,TRUE,1-4y,Fitted,postpcv13
2017,N,6.178,5.923,6.642,TRUE,5-17y,Fitted,postpcv13
2017,N,108.302,102.819,111.011,TRUE,18+y,Fitted,postpcv13
2017,V,31.85,6.565,72.8,TRUE,<1y,Fitted,postpcv13
2017,V,11.783,2.194,28.13,TRUE,1-4y,Fitted,postpcv13
2017,V,1.421,0.3,3.098,TRUE,5-17y,Fitted,postpcv13
2017,V,11.518,2.599,25.99,TRUE,18+y,Fitted,postpcv13
2018,F,1.284,0.144,5.684,TRUE,<1y,Fitted,postpcv13
2018,F,0.483,0.055,2.302,TRUE,1-4y,Fitted,postpcv13
2018,F,0.024,0.003,0.109,TRUE,5-17y,Fitted,postpcv13
2018,F,0.259,0.034,1.195,TRUE,18+y,Fitted,postpcv13
2018,N,62.527,61.749,65.384,TRUE,<1y,Fitted,postpcv13
2018,N,35.767,31.404,49.429,TRUE,1-4y,Fitted,postpcv13
2018,N,6.322,6.044,6.773,TRUE,5-17y,Fitted,postpcv13
2018,N,111.727,105.013,114.926,TRUE,18+y,Fitted,postpcv13
2018,V,23.438,3.47,65.828,TRUE,<1y,Fitted,postpcv13
2018,V,8.691,1.192,26.502,TRUE,1-4y,Fitted,postpcv13
2018,V,1.016,0.16,2.632,TRUE,5-17y,Fitted,postpcv13
2018,V,8.474,1.414,21.658,TRUE,18+y,Fitted,postpcv13
2019,F,0.922,0.077,5.081,TRUE,<1y,Fitted,postpcv13
2019,F,0.36,0.03,2.122,TRUE,1-4y,Fitted,postpcv13
2019,F,0.017,0.002,0.094,TRUE,5-17y,Fitted,postpcv13
2019,F,0.2,0.018,1.069,TRUE,18+y,Fitted,postpcv13
2019,N,62.695,61.96,65.475,TRUE,<1y,Fitted,postpcv13
2019,N,36.695,32.126,51.15,TRUE,1-4y,Fitted,postpcv13
2019,N,6.458,6.169,6.899,TRUE,5-17y,Fitted,postpcv13
2019,N,115.153,107.016,119.062,TRUE,18+y,Fitted,postpcv13
2019,V,16.401,1.67,59.852,TRUE,<1y,Fitted,postpcv13
2019,V,6.236,0.582,24.914,TRUE,1-4y,Fitted,postpcv13
2019,V,0.708,0.074,2.259,TRUE,5-17y,Fitted,postpcv13
2019,V,5.937,0.672,18.65,TRUE,18+y,Fitted,postpcv13
