V1,V2,V3,V4,V5,V6,V7,V8,V9,V10,V11
0.788660126790777,0.668746722214855,6.00452779878629,11.2575652844971,0.503453314411268,0.649584442583844,0.595851102487929,1.94801923026796,3.71092695110478,4.60734413743811,80.7543003812991
0.70411568330247,0.520949963002652,13.3231905335188,10.0286564642331,0.358902295171842,0.622107359619997,0.426814078800008,1.52309968270781,3.66687145285215,3.34675017078035,66.659014061261
0.571418583098054,0.620976929489337,11.7322146207094,19.7933207786502,0.456650091291592,0.674566086237505,0.319898369790241,1.75404147013463,4.41288483001851,5.17295852008369,67.1642540941387
0.896839677694067,0.653653612967581,19.4985447632009,14.0185175878252,0.381363098027371,0.62700405147355,0.487970518849604,1.87820812532119,4.13377198204212,4.53598103460157,97.8343683221378
0.888502669530362,0.564963100293837,16.2071794630634,8.14820683633443,0.634355561894737,0.602038328174315,0.514240047163516,1.23864057052368,5.41591097885091,3.43552990851039,62.9093519236334
0.747520604554564,0.842855229582451,9.74862797976937,13.7440599637339,0.373888678366132,0.42671884670388,0.315882765192352,1.7695916320337,3.38038506676722,3.81327890717704,75.4748600294441
0.748678889286146,0.823620387914591,9.23305418265751,6.11333335997071,0.548499486993439,0.45357567332536,0.689172435009107,1.40827469297359,4.21169024908589,5.48248115980346,67.6952824027278
0.781826612313278,0.614554654612578,17.1201293971529,12.4932488575159,0.469284447800554,0.538954595209658,0.364030853070319,1.50412096209126,5.1294980087243,3.55787658899138,91.5745022124611
0.607220270829834,0.705508827295154,13.9164551562909,18.585646530611,0.466994833244942,0.31802893194221,0.533791724069416,1.45149943283992,3.07364140921924,5.51994751501456,68.4934051691555
0.534912103573605,0.54494475250952,14.405335513684,13.9296108217491,0.543838598534092,0.644943405322731,0.334585133557208,1.33128838059586,5.57023617805308,5.0113905297867,69.7963845722564
0.61767630823981,0.698767217219807,11.6404706386221,17.395970574168,0.349459047804214,0.539373453976773,0.487013834826276,1.85733405973064,4.79084251643485,5.6329275935241,76.5580999338999
0.709461961585097,0.52416841376666,11.8241315943259,9.25862298298394,0.607421064105257,0.474374850743636,0.522928330296837,1.15424230285781,5.11269396338007,4.43315393495746,73.4235049558431
0.659233631635271,0.59262279555928,9.88972049438162,12.6161498909839,0.498091936455853,0.404929869791493,0.575109851267561,1.07268781233812,3.97173167195544,3.7491409301036,84.8570555225574
0.627503307367861,0.868496412874199,11.5302414004831,12.2040401680558,0.356456832368299,0.469425556457229,0.51567164274659,1.41117881364096,3.62652706459025,4.18684150239034,88.0591636667401
0.737566854886338,0.798003906930052,18.1642728740536,16.2560655894596,0.677035090856254,0.516997935928591,0.629962784269825,1.98852408065321,4.90249612576515,5.08716089281859,79.8237310204655
0.700717322198115,0.818862609384581,7.20592543895822,12.5122263545147,0.591199926701002,0.682228083588183,0.545449319301918,1.0434408740676,3.77497342716716,5.49616392979911,65.7684191475064
0.884913985186629,0.659333746002428,13.6502195059764,9.55351343791233,0.417947556333058,0.362382256297208,0.52799493052531,1.88050450083148,4.59981913022138,4.48410912981676,76.3852405344695
0.649733380462974,0.643664156445116,18.6617525860388,17.2873376968899,0.427814012474008,0.322157219691761,0.328358513975143,1.9835680362992,5.82485463912645,4.0300408872189,64.9589062596299
0.782607478250377,0.597362010669336,18.8205118238414,18.9819877269305,0.585557032315433,0.63155439627897,0.332108953440934,1.76634086151375,4.1668704061755,3.47630426082015,84.9272027514316
0.847635688299872,0.751032780745439,8.02641337161884,14.0327481256356,0.380237496932223,0.482483531311527,0.608822348429076,1.95838034643605,4.51916285477439,5.56291517388588,94.3813871889561
0.780164718015119,0.648167058986239,13.1717067011539,7.47539053180488,0.491186403137259,0.67915211232435,0.455779466573335,1.96192337490525,5.1616868860689,4.46672518593818,71.716629329361
0.835533670260571,0.858501679554582,5.24123636308592,7.43112693314208,0.424564765938371,0.456290170944855,0.638430743652955,1.11466169087915,5.48210301170591,5.9597675310974,90.9671826827526
0.823532610787265,0.555177371007204,13.6298165973811,13.8941122159525,0.62622198871728,0.419134594526887,0.561606237988547,1.84834478823002,3.51213546377141,5.69559087044047,97.9605338500999
0.668678340676241,0.518908410373889,15.7512523507257,18.428872381472,0.669544051354937,0.5646451699486,0.448351298167929,1.38969653625088,4.2813370550978,3.76366813961696,61.9768916604854
0.544932092050463,0.775427678511478,10.7649034735723,16.8004836103437,0.536161931264401,0.342708876771666,0.657263407630101,1.16010558032338,3.5268673815541,3.03317098750686,72.630552548971
0.579883820016496,0.819525528644957,6.6814475647849,11.6199542761268,0.442456808551401,0.462444148999453,0.512897386285104,1.1002121698861,3.98510035691829,3.37905717125768,84.3789613883756
0.518246858347394,0.590925398848951,6.40980165903224,9.7069513986283,0.32941480123736,0.593121054328047,0.483267652465217,1.73950944587635,5.71296590744471,4.63026471702755,79.7338095466793
0.63149534876626,0.759401825746708,17.8604848711472,14.846517644804,0.490336643052846,0.377057240628451,0.532100398098677,1.06704781484231,5.46238541338686,3.21495963239484,97.2615272875875
0.554338297239877,0.816344433658943,9.22040355354082,5.1176226574136,0.642882504623383,0.578798501066119,0.371326701175235,1.66190711301472,4.40177912369091,3.06755487419106,76.8325999777019
0.879886717462167,0.825394228288904,10.2674935611105,5.51383690747665,0.304362279326096,0.468386237800121,0.65204111785721,1.38406050843652,3.29397197240358,5.75672415963141,69.4141845799983
0.763242375309765,0.779162509218231,8.34779903868446,17.4232194547122,0.578682465977408,0.342240605615266,0.350539183241129,1.8307538695205,5.46604315191507,5.41624445746746,68.0434602452628
0.63704447381068,0.551969216540828,10.0950303097558,14.8948295599618,0.553974395996705,0.689928726136684,0.623902711927146,1.87465967035666,4.42517643214948,3.22147418453218,80.0454516690597
0.855253258388862,0.85472893866133,13.1070960819814,9.09736975339474,0.46612802492287,0.699385118440539,0.58953030411005,1.92690617047716,4.58097004698403,4.86806970199104,74.9104942318984
0.764127777502686,0.899112025112845,14.611862034332,7.64950219830032,0.535901731197163,0.672910079367273,0.541495096836425,1.55886114252964,4.54080039723963,5.57387074466748,73.0210071101599
0.648749192585796,0.595133621907421,10.8365803111438,10.9302848358965,0.39388004206568,0.669843375619315,0.681861467275582,1.47757586133201,5.6259488732731,3.10683328590123,65.4118197289296
0.729225551318377,0.691300813367777,13.0700436116778,17.5943176759896,0.627846761031821,0.501592163872346,0.671352185894363,1.40471858834988,3.48672730109515,5.77991475465428,92.9687590925954
0.779430785851926,0.544590971356817,8.82016558059724,12.7950462753535,0.521328568436019,0.583058908277936,0.650214709394239,1.59092135579418,4.03228524531517,5.28376976404293,75.8479778144509
0.567766644544713,0.773006398944557,10.1611456976458,9.07694379857509,0.307317423809879,0.689500220902637,0.547253368813358,1.7113682374577,4.75241535271285,5.65124606397422,94.127989829313
0.528736530960538,0.842386728881672,18.234513545495,11.0385459359619,0.39347661275845,0.522307173354551,0.646334725322574,1.90249208425637,4.01094675181573,3.53526155544911,65.0222553531267
0.506948261075653,0.724834653349035,13.0394538647984,5.60155141900992,0.674405056652986,0.300357486174814,0.464399276475981,1.96390248231404,4.9328034098614,4.57134843606642,84.1052398370765
0.845220258731581,0.734185409513489,19.6565183537081,11.3847890067706,0.684553437937051,0.515329642752372,0.346971715113707,1.9567160254973,3.20133985885978,5.88964593781717,92.7984077369981
0.691405887049623,0.795798011115194,15.5644213555893,13.0989097497473,0.34735354162436,0.42143404618036,0.486306883387081,1.13590660471795,5.90229265963985,4.36505709364079,82.4802204583585
0.605412762147561,0.772348882355727,19.1627787565812,7.83172821265878,0.529647513232753,0.633001436648145,0.541803243963234,1.89637674351269,5.43977668072796,3.80501690900512,89.4537860386074
0.794985451625846,0.727700083133765,16.02369260062,19.230191166196,0.426537390708551,0.378230926780775,0.610985065937974,1.46263040266605,3.54697269924078,4.7697432181011,87.4490125119873
0.611626061984152,0.811108143590763,12.4323921487387,19.4481821684027,0.621205337134935,0.364169470489211,0.656545814502798,1.89287837609742,5.36273665681807,3.44384473540401,85.5686656806991
0.801489351720922,0.885897806357034,7.09867497874424,7.1321888661827,0.336127199008688,0.503900877129845,0.441782132342271,1.06515404230123,5.89204671309656,4.81180961311189,90.4452848309651
0.852256480360776,0.706472877468169,17.4557671999442,14.7369918245496,0.566625821627863,0.614333832569607,0.680481221896969,1.80972286221152,3.78278924746066,3.05956816587131,65.5536105058156
0.578821913039871,0.685827835223451,11.2621143958392,8.1844502848899,0.52425643347986,0.404656401925534,0.496587951075099,1.5313282194268,4.45186793022277,4.61191119485255,60.2108139334433
0.795772492094524,0.653236110236868,11.1978225302463,19.1222375677666,0.439105969708413,0.398282951719128,0.353391128693894,1.72633429827727,3.266684175123,3.51402442325,67.579773956351
0.68073207596615,0.641230443585478,8.13789158786647,17.6843431097223,0.413672182567604,0.681188965395279,0.381167825844325,1.61950122764008,5.47282310126256,5.00325173843186,67.8788716809452
0.69520153810177,0.822845424095728,15.6324162165867,15.0049469502713,0.409313053877652,0.392923385452852,0.564644296947122,1.94519014927512,4.25145938422065,4.92366503939638,73.8636826486513
0.82713567513749,0.757170870271325,8.79982563186437,16.9933812840702,0.601775333590247,0.661626530012861,0.517949847475253,1.32541231720941,5.20250743949879,3.24588756232057,64.8479535990395
0.777490258083493,0.505894524929486,9.85029464504914,10.6284624736197,0.348294902309775,0.695742277826183,0.616764081479423,1.86585497009661,3.15433556143893,3.40386225514719,72.8707543517463
0.505363863087632,0.836552890253626,9.04929296391318,6.37770862011006,0.302745560207404,0.430803698372096,0.430889767830446,1.01217258863524,3.68865959606739,3.74209799483512,68.21478202831
0.502600358984619,0.853686027836986,16.9522135721054,8.58375119898003,0.55339142894242,0.348268278586864,0.314748011342809,1.27085714418208,5.84781760767801,4.44566673154151,60.8688640270755
0.870847243802808,0.503144697303697,6.62209391391603,5.87975648286287,0.655263152476959,0.328381619788706,0.331089523294382,1.3829706466794,4.0545395778059,4.97535829354869,87.5531490029767
0.723630249092542,0.678699305962771,18.4779443725687,18.2863826808962,0.312587949519791,0.378733794507571,0.331846809030883,1.4803926440198,5.39111478770385,3.52199117944529,62.0138042687252
0.857173550610803,0.592856621270441,7.90273027281975,5.38667769669555,0.408750831283256,0.641489378880523,0.411329762751795,1.46609251990821,5.70066190925427,5.84776893918123,61.897081620656
0.853493201786094,0.766136333487928,18.9405817489117,14.5079855852015,0.495028737578914,0.670697994230315,0.423054717835039,1.08574147328967,5.35541226539947,3.68234390594764,72.9476835386269
0.606846526893228,0.66029850069806,17.6596511315974,10.5634900395665,0.50536739591714,0.483390203242749,0.378800028143823,1.82422947478946,3.62398081102269,5.32733337086113,78.3714830223471
0.740480754953995,0.528261842679046,10.3239769345848,8.67335472049424,0.565882482458278,0.540094883714244,0.440912391998991,1.4825389686008,4.31148109392822,4.41807480300777,81.764289489165
0.687978469600528,0.873781641831249,12.2720828986121,19.647387490999,0.416626136389934,0.60609938063696,0.559803036428988,1.08249688819703,4.48718105573533,3.38666594937304,91.4227605269663
0.580261667587608,0.708939751039818,19.3320361658675,16.2164004811668,0.549651712168939,0.497380569554679,0.379514339163527,1.07832996121794,4.67741561081819,3.57314763761451,79.2155551473238
0.664928934962302,0.731930653038249,12.4437609011889,15.2001166186971,0.620259163275175,0.565342723813281,0.439432579327188,1.8773886040221,5.19167537156213,4.69386093729129,93.5940808687918
0.669175792416371,0.615351970930584,16.2357179528941,6.79945803733775,0.411951523698494,0.588452450957149,0.408911881338619,1.89982985838782,4.49356538065849,5.04166436875798,86.8108165194094
0.765146917968802,0.848403061149828,8.62453191957902,10.4337428786233,0.555603832009249,0.569133577064239,0.520383231386728,1.1905152064776,5.33322700022953,4.64390607862501,78.8562949075736
0.805731264213845,0.645273874592595,9.28849137319717,6.56577317227377,0.673683513854444,0.535457556779869,0.685741190860048,1.50198853201233,5.19927007963602,4.44954434774118,78.2839085233957
0.802103135245852,0.506658654490113,13.2352782709431,7.35216022222769,0.619386062167399,0.547383445052616,0.595168438289501,1.5657737679733,4.73467115423502,4.74562189048575,63.6540994724259
0.567026095247082,0.751712690498866,11.5425524000451,10.9404363547475,0.371842039619945,0.536052038073726,0.624134750055335,1.40621151208179,3.74159064603131,3.50248922899459,65.7458124340326
0.688475016694889,0.793802700147033,14.1013407206559,9.26926530933706,0.341917512512393,0.666003456293978,0.530560249293596,1.113777377408,3.56221990101133,3.9589056637371,78.6842127037421
0.899739155451954,0.869852068640478,12.3458196561388,10.3030307975621,0.48109130189959,0.309621116821095,0.348829498895258,1.69210642004479,5.93802839311073,4.55997619968094,92.4293021304347
0.636410511439852,0.561707396482117,15.175842148331,8.70470101469895,0.52675859790016,0.350516013079509,0.660392962412164,1.30428916631546,3.45633354351763,4.589148879671,81.9098743356951
0.871705517258309,0.77181958599817,10.9538417730574,15.0876619531773,0.448292530133203,0.46701152307801,0.537746919430234,1.43470515684271,5.51223850129824,3.17953317046445,71.4918844288774
0.59732710248977,0.517356813498773,16.7982873458182,12.9240723985899,0.519895796202682,0.465475007501431,0.303916115203686,1.66883924193634,4.43180875328416,5.76342746948311,87.9335571976379
0.714449746031314,0.715438316503726,15.2240848060092,9.60205811676802,0.463631647706591,0.526079214763083,0.684775367069244,1.82016356979962,5.29130977053288,4.10666598404618,78.7652021468431
0.80798374300804,0.730328934471309,16.071207545998,14.5691452460992,0.495857785801403,0.651202960347757,0.66537407472562,1.27993233085703,5.27757046854124,3.66205935543403,71.9215759112872
0.890999636040814,0.677128102907166,7.83832259154413,7.70852348424494,0.517411784015782,0.609855272811838,0.316381395151466,1.26069185769465,4.51045511869853,4.75521214853413,61.0649939503893
0.610796882042103,0.743750392699614,14.5399526291783,7.03954816236161,0.577366044701636,0.357113144006394,0.626933812378906,1.49354090251541,3.68322772216145,5.08965575589566,97.6458523830958
0.527762174744531,0.647655926398374,9.60764779723016,19.7674142318894,0.541480450953357,0.409497660152614,0.565875385493971,1.55739765133942,4.28825290525658,4.51026440958492,96.7296918855794
0.552538051912189,0.635490405777283,15.0515147114149,9.91198971238919,0.687468908972666,0.32526847347673,0.678215940964036,1.65859429805959,3.13203591670096,5.76797977645788,65.8883277832903
0.734572639148869,0.50992663800586,6.29475451112259,13.6844410168217,0.395078392581455,0.435836053372733,0.52984776393678,1.04607408842538,5.24721041487018,3.59220751460502,76.9851886288077
0.677965803101473,0.582045447750948,16.168941210527,16.659507583587,0.571611296903715,0.303421333304793,0.63212053255327,1.61695077537652,5.91254070798168,3.6383699193662,68.3448089870811
0.868633560630866,0.789926183590666,15.8945983441127,19.743296306096,0.321093787869811,0.563108261254616,0.678479782395624,1.20542746630078,5.92623157831142,4.3715581037798,61.3989109832607
0.555145221320354,0.802405044335872,5.6645175163378,17.0166591301886,0.639593975397386,0.556361710830405,0.637715057419613,1.97647559369868,5.58692011602363,5.35821445193701,74.5382192070223
0.500950907746516,0.53574722574316,9.46144092657138,18.8714064300759,0.516686924592778,0.57757580562979,0.387141849103197,1.83259696725244,5.75316901840316,4.90432096428098,97.6868333245441
0.775157045275345,0.529005403203331,17.3485829822603,9.39513954466209,0.549025874366052,0.304486164515466,0.447994150234759,1.02984300949005,5.13382150848443,4.07662987366738,67.4695685203932
0.804463340339996,0.781572211428173,6.46280694647459,17.3230378973973,0.308187965917215,0.683538109984808,0.36013153514266,1.98157980182674,3.18305369170709,4.79787059317064,79.6179414848238
0.769667680098675,0.675589931971021,15.3573275309429,12.6365183080477,0.678032188410871,0.416470468565822,0.628467975340225,1.71993339964515,4.37773201440554,3.56963141412707,78.618997918088
0.798646526480652,0.780542353169434,15.2657793514966,13.5651942569553,0.64386364648398,0.421795081759244,0.44282918944303,1.20255433649709,3.27875149454735,5.85483670528606,73.9554775719345
0.767832599077746,0.508059191915393,14.7961660691281,15.4871664768341,0.570734925053269,0.488957822908647,0.655599236443825,1.36286958010588,3.37006400212878,5.19036384348711,70.1362470598705
0.646629258335195,0.501771065312624,19.8430354590388,18.8931392726512,0.514469788918272,0.319945744349249,0.516552436467446,1.7946409104364,4.23410855453834,3.94570718549844,86.0898867969401
0.515775162913837,0.649115073833242,9.38457816975191,8.44649576611817,0.319132426360995,0.669339579181373,0.341453756416403,1.03106039674021,4.74057897548703,4.28489057416096,80.9776256427728
0.560962059541978,0.676680241354369,14.7780752410064,13.0163644346152,0.467467470678128,0.500428695119731,0.395449623939954,1.78751040814584,4.64187274370017,3.66910216778889,87.7085150222667
0.619945085910149,0.831243870728649,5.88684267866192,11.5375075994339,0.634661824676767,0.57155245538,0.673896641640365,1.929667115991,4.07854500589147,3.2662810672028,64.1897999580763
0.809626929277927,0.663241983250529,7.05081169391051,17.9416301056184,0.697408376910538,0.36747713368386,0.474724447484128,1.25587173168641,5.09005072584003,4.14147044621129,61.2974600723386
0.58426598830875,0.513873294086196,14.6992442431627,18.3074231855618,0.416811266568303,0.528611013572663,0.619392509652488,1.63090561849391,5.34782843733346,4.17118864262989,75.8257447116263
0.680900165146776,0.729494494149648,12.6118143174471,13.3724105566251,0.374951224876009,0.305689926479943,0.607825716108829,1.60171953487117,5.8734494751622,3.79867149641085,62.4416707099602
0.776237739398517,0.620420865466818,9.48351233949419,9.74826306176837,0.668007612092607,0.439080250506476,0.425385373289697,1.4907379634073,4.46587260650843,3.82759980050381,98.1255100097507
0.604226320928335,0.79224750365112,17.1506489933911,17.529187862582,0.404864619244821,0.44650739588961,0.639396476328745,1.38782065445511,5.02744010915374,3.4928997694999,66.1320327005908
0.592123180201463,0.58544888120871,15.1661345056514,5.20016320554772,0.658941707287356,0.365350800748728,0.658933859117702,1.08893463224405,5.92934337482695,4.3547101016161,83.4774424322322
0.504169323620014,0.563946241012588,7.96364883604692,5.23320018080063,0.354003482195362,0.552079895473644,0.304209045654163,1.59576673646923,3.29894322476489,3.13813417211501,64.6257353962958
0.696654453807324,0.835294726494141,15.7894071766501,9.17642104925122,0.445678854945861,0.380760968492739,0.325573219104856,1.96614567151852,5.0378077904298,4.66625612739567,91.9522803625465
0.532759993352927,0.851525699459203,10.6118882612744,11.7845373354387,0.645663659690693,0.441335902422853,0.560683161600307,1.217517282316,3.01870102709765,3.09907554806164,99.0029954705387
0.866720662604831,0.817654031360894,8.69320994222304,9.83130484206835,0.322052284621075,0.655024306074902,0.451713687280379,1.81076889355062,3.35542466795398,5.10714879959822,79.8624481905065
0.698222246553563,0.812483743535169,8.29959256925154,5.69923364505637,0.457158939627744,0.505056323587336,0.602887616131641,1.64588532132236,5.91808277046075,5.71051427248959,80.8726011363044
0.873616761500761,0.631497214273922,6.54810233229771,7.42014759165468,0.664862794836983,0.513077122991532,0.526683369846828,1.2855418207678,5.75895313089062,5.99152110807924,72.5563927101158
0.624752078855969,0.723494732255116,8.87350223949179,11.894099248196,0.491631314548664,0.570952504396066,0.566526865017973,1.67990734991478,5.97173899773136,4.06144069986697,81.9952279045433
0.628716414604709,0.635053373996541,11.7669667998538,9.41835011271527,0.576615626274794,0.340156049189344,0.494726571447402,1.74123432595888,5.50008472304139,3.01124562006583,96.8871686624736
0.738422325123288,0.531381501271017,17.311595360213,19.3046336910198,0.588631662048213,0.617747091471218,0.502226234075986,1.93574381640507,4.50452829051996,5.12502672631061,93.6381914189085
0.877152195092105,0.834702858972363,11.6269463958824,14.3273436003178,0.515491963328794,0.676242501103878,0.519964608471841,1.6917042183145,5.0063841380747,3.05011964908009,89.3872855370306
0.749501457075402,0.799321687247977,17.7890304891462,5.66831505979877,0.359634639877453,0.39755267191641,0.475695073158853,1.62297742774058,3.13905230892543,5.21533042958239,76.6180383627117
0.570338952990063,0.638088023945689,13.5293624475691,13.4529767476697,0.332844307769649,0.423512038283423,0.585640821322054,1.20843483756622,3.36483752468415,5.11323253755877,63.1824796420708
0.895553648160212,0.512554153436422,19.2853001792496,13.2568924108148,0.669902384908125,0.382535186042637,0.662132986530289,1.06924611144839,4.15220796907833,4.69002991084429,65.2208785095625
0.774328585231677,0.712504559866153,7.66727079188684,13.0531721281167,0.458823812695034,0.39182467031274,0.482673439992778,1.52902344688727,5.10024920107937,5.98191534444597,75.0825792741217
0.725877243460342,0.567043913476728,8.39136549187824,6.71103655851213,0.558243784349039,0.682985151069611,0.670816108172946,1.56388817183534,5.86569300051453,3.30014160920447,69.7334426160529
0.735989953704178,0.744327063872106,11.8977878538915,16.6864062512643,0.513251627116464,0.663715687447973,0.514685770953074,1.27715610832721,3.89908723306842,4.79331189610949,93.7551281759515
0.529289487721771,0.83733815170154,8.19869993712753,12.8640270887525,0.691861202015914,0.614878928881325,0.501386951507628,1.16775912961504,5.89008415054903,4.12286562866857,81.7415875132196
0.622272596531175,0.62334791693762,9.71717012332752,19.8759078512574,0.482312378105335,0.498891611813195,0.473259182933159,1.3437733676075,5.66922912214324,3.90715602413239,62.8276273284108
0.808017095518112,0.882186456175335,5.94205809475854,11.0087447418529,0.589097464603744,0.541076922127232,0.536386148542352,1.35258189774491,3.11597537981858,4.83992890654877,96.3725448303484
0.775344096176513,0.651622279757261,19.7631584447599,14.5934889876144,0.602703583969548,0.630097361546755,0.611257794383541,1.43356058363151,4.344361919533,4.41247016126197,99.3065479803272
0.730847136704251,0.664156705635786,9.07459838449489,5.57415595032275,0.465595222965628,0.477297682431899,0.612702565971017,1.65200914468616,4.85263099708222,4.1631188213462,85.7651664090902
0.684408042342961,0.744873564231209,10.0618050137651,17.8336737466929,0.432587364148162,0.502801848073304,0.695482703498751,1.02400579459127,5.78229395042639,5.29914619463962,94.9506589528918
0.591320475297794,0.677885190706141,6.33039727806812,13.1182272466691,0.675261051995121,0.690489470437355,0.603608602808416,1.05252224483574,5.0427802900183,3.62844891284499,82.0943868783489
0.848506072459184,0.582911412158236,17.2222753070155,14.9008966001752,0.69360282487236,0.655311166259833,0.491746367482469,1.99900647645397,3.64126371861901,3.06147657220624,94.2469281301834
0.558925865436718,0.624338971657306,14.4520686339005,19.0719232036336,0.378526397302374,0.657413499723747,0.631655988429487,1.34533766820561,5.78700316823227,5.66645985499676,90.9236364940368
0.843056776133552,0.89462591267582,7.71681841970189,11.9657283821143,0.410156252385676,0.523404447461665,0.307490376592428,1.09887174753193,5.41134780875361,3.91741241636127,76.6618599882536
0.765803687623143,0.810324268757366,19.8532944679679,8.82725271142554,0.535129349218309,0.608033353128098,0.54341970245149,1.22474030559231,5.17337080477551,5.9152360317721,74.9972513156943
0.820892739839107,0.885035194964521,5.78324161543045,19.372281890884,0.513786516524106,0.559539588007331,0.373169725566171,1.65645251513692,4.61372936045006,5.27240976670152,71.0597903499007
0.725038651345484,0.834049952249601,13.3993320157519,13.3444021286699,0.544199701856263,0.343693382269144,0.408580477663502,1.30787601928087,3.24196344635496,4.38709194023441,92.5690871490538
0.678977524175122,0.85555554925371,13.3496495647519,5.0450050114491,0.531200053884275,0.585856864770502,0.676644462642819,1.5826809755736,5.6324666452487,3.7220930511402,75.352212039344
0.606232221359387,0.52322089251969,19.0432790667727,16.3183819025569,0.663708554954082,0.441723007619753,0.546806608024426,1.14355322616966,5.02055217910884,5.48872719004098,83.0828964439035
0.840999636141025,0.658798754008487,7.73523704497377,14.1736667497037,0.391181527596898,0.459360980057903,0.597265047190338,1.71313394909399,4.48094857512508,3.03754581524245,96.5575832980871
0.513190960684046,0.509535784855671,12.5866106754728,17.6477338749822,0.646537234905548,0.576723958868906,0.636497445630282,1.14569470839901,4.45372385246772,4.03385546591179,60.4037060209364
0.828413131820783,0.898361746233702,9.5711623956589,7.12329429910285,0.4316888888577,0.324131797159277,0.385481591792963,1.29422555366671,5.2617775413869,3.57648349513672,93.9591649792902
0.574877023215406,0.800999189662933,6.17931726925075,6.88356323704124,0.367647227770835,0.490901746596768,0.600607219050825,1.78157057027798,3.00902961416775,4.08293299353216,64.7137808403
0.671979097550549,0.800109574275091,11.1543104834831,16.7012221331918,0.322469210869446,0.686155523048155,0.593067653582804,1.00852740052668,4.70764925670298,5.90394246886298,82.3717119438946
0.841631311488152,0.560255564599671,15.3422972727893,7.80866589048645,0.600562692982703,0.395684663563967,0.585247397798486,1.22736298784288,4.33042842067173,4.6170133754164,62.5123135987483
0.508060363821127,0.876634883331508,11.4150749189709,9.98252970561618,0.556173520411737,0.63735284296535,0.460917835245654,1.10419167054817,3.35310284511047,3.64459831551835,68.0942128713988
0.670437558221631,0.526505018948577,13.5823336418788,10.7574064687965,0.478388706964999,0.508676032269932,0.404290408797562,1.54052568613132,3.22076510642655,4.89474194809282,74.2033562366478
0.832604876784235,0.724621109182574,17.0805876928405,12.0127156821545,0.476245712731034,0.511407385853678,0.542422277453914,1.0344024933055,3.34152518964652,3.78326289354684,72.6427806815878
0.526739634268731,0.591549694113992,5.06267466501566,19.6892686286173,0.325532086123526,0.339106018687598,0.326912603708357,1.63391502424935,5.18449227459915,4.97177225558879,94.4417688117922
0.710677770919167,0.68435870969668,6.14429968080949,5.41950539828977,0.474002399929799,0.419519294039346,0.363627626854554,1.67304967135657,4.8277611353863,5.13530556830065,77.7389613423124
0.57548519343026,0.808579491270147,5.22492647236679,14.1949537831359,0.519157969079539,0.358806586984359,0.443789940309711,1.93824224819522,3.98388410929916,3.39005884452118,92.1948684333451
0.754976452870481,0.522913355302811,17.9769728430035,5.42446759929648,0.577997756760567,0.640308531115949,0.504485296662897,1.32948855037428,4.29058289884916,4.43410181227187,79.9408237780072
0.880718633419275,0.57448968128264,19.7055749882851,8.37860539820045,0.373353864556365,0.450601422149129,0.376164434330352,1.86731315776939,5.52703260975983,5.93743888513232,96.9843582621217
0.623933646780252,0.866311300256662,16.0425749549083,15.440832049239,0.370202017067745,0.465945527676493,0.69602943566218,1.49605476901261,4.62318780014897,3.17052517264802,78.0230282984488
0.59797494833041,0.670466359718144,8.58315109878778,18.920254460359,0.436589938057214,0.371143782878295,0.588427416110039,1.10212930353824,3.65279262179928,4.78747573363921,93.3105910738558
0.587039089362882,0.580038959392347,5.37313556015026,6.92701881052228,0.430222474449687,0.333414055430703,0.420296850889176,1.12390128461551,4.17317108208407,5.1511299578785,69.2128900504485
0.753461697686836,0.623172073103301,8.90990723947994,5.79827663415577,0.657777273129299,0.320563023327477,0.503559481739067,1.58522167047579,5.1550238393792,4.54827136223484,93.235361589361
0.600697016808204,0.519293353755958,5.05739986323519,12.1101681995671,0.32968404366523,0.386554519280046,0.650698129272275,1.54951604574453,4.38968414634001,5.785905922045,81.1859649683535
0.79078249040097,0.773739335969649,5.48381030635443,16.8605461878586,0.570195972019993,0.646907021486945,0.472139151685685,1.15158169788308,3.21160535010556,3.99944289751584,98.3156012471206
0.590009972659499,0.606154032639973,5.27925795800285,14.6616257842397,0.614224714030139,0.581284193560109,0.551985571416095,1.88811199367605,3.08639206018718,4.07204778616782,86.1880166134238
0.661717301581055,0.868879503436759,15.094952330587,15.8787924134848,0.559443798535131,0.591242864770256,0.467835188664496,1.92099927390087,4.10321045481646,5.70174153202912,89.9775117197074
0.52556291443836,0.770666425023973,10.4081892726896,12.7277402014681,0.61458769998923,0.530923568284512,0.511311869890988,1.37231371259224,5.97779586996837,5.43541206511622,96.6544534574635
0.742393304145522,0.68870123942662,5.76831544514047,12.3688215104444,0.376819958141074,0.369393131312542,0.627782911673747,1.03975293655787,3.17101594430208,5.54862297813501,71.4322561512143
0.596284669724852,0.740191824815609,12.6506591273146,12.9683623392344,0.612342966752872,0.586533348156698,0.392431722422317,1.75278858927684,5.67156200824119,4.63245539166732,70.3821438607387
0.872719414585643,0.828663177120499,16.3810295722564,13.6686833677511,0.5801180783296,0.654395850804262,0.360982065522671,1.15358310803538,5.88455966502149,5.79335479054414,66.2491447819583
0.509389666181617,0.756339518796839,19.3983185662515,15.3594605017826,0.573501519269496,0.382095817990229,0.568714417457953,1.05780553998658,3.6160535894176,3.67737302977173,91.4457805504091
0.761924072965048,0.832885292322189,7.25068442635005,5.47325748147443,0.404645527658984,0.312691247362457,0.59207520190645,1.65417333790148,4.77801513199881,5.6745645951801,78.8928706664219
0.864046339070611,0.784162632311135,5.64362144483486,7.60262560194591,0.301587670314871,0.677704900713265,0.538916843535006,1.27389268194139,3.63063398903422,5.26270568515174,92.126416275762
0.562802732624114,0.888496098919399,19.1196607506019,8.01747944740346,0.631217286585271,0.398450739526935,0.335679300369322,1.17621164889494,4.67308379087923,4.96113201940013,97.2803415709734
0.799573342398927,0.617214900486544,13.9497148786089,13.5844901596499,0.683397526535764,0.68675206470713,0.436616419357248,1.8477247919864,5.85694384229276,5.525609157186,62.0853789073043
0.591024225758016,0.666681608468667,5.8388115337491,9.80169320775196,0.651542570494115,0.579628868498467,0.318667016494088,1.48475705395825,5.32655081173545,3.79161380757904,96.2953754294477
0.813969566147588,0.611333642162755,6.48666507337708,8.73239091540687,0.387067873524502,0.625168582801707,0.498827207751758,1.4283450210141,4.69007157878671,3.8399322526711,91.3023682208546
0.769343742731027,0.843432260951214,18.3698657570686,11.0686277958006,0.479957397689298,0.436913241016306,0.552211849069409,1.23512331615388,3.79556289202999,5.33295868645795,85.6000811493024
0.826373305328563,0.553531623580493,17.6609260356939,10.889662792848,0.475446439134143,0.49925230321046,0.355884583635815,1.62608980449149,4.45988118994888,4.9011890227804,90.2067532715574
0.523798442504183,0.717033053806052,17.5452111966931,15.313644041284,0.575010327670909,0.548611459267326,0.662883644361049,1.43086743355542,5.76334494946059,4.25202588803927,80.0951747289114
0.5216083451638,0.735855686449632,10.4936847431539,11.5897596622142,0.309366501808725,0.675922112425044,0.383119722610153,1.05834541419707,3.94229634167813,4.932152326521,86.460319636669
0.789933215955645,0.54045677632615,16.7770499346219,6.07984026627382,0.618746786855347,0.335292281993851,0.679332083258033,1.11979741105158,5.68026642432343,4.01005101729557,88.8380307085998
0.831451771530882,0.884128378377855,17.9259885043884,12.2801354849106,0.405831564296968,0.38429860556256,0.688005968178622,1.35628359823767,5.80377208148036,3.7752302779709,73.5633782785013
0.709940440829471,0.719674163369835,19.9117321536224,12.6902845316706,0.666196431882866,0.413812812503427,0.494152249007672,1.32329283239087,5.77122979594069,3.97750204085838,73.4888975789771
0.572202794293128,0.879999822017923,14.0653128698422,13.4859348499472,0.501366637980565,0.473556843901984,0.612903864826262,1.46151359889796,5.84059965872252,5.3746664932617,90.6374840850197
0.620438716814108,0.679912064152211,10.4706254903087,18.7743923066929,0.650663790141977,0.366402643405832,0.357373749162816,1.59770138197951,5.95409550180473,3.50599180701189,97.5438663231768
0.64507132989075,0.500259527774714,17.398263383836,8.25861702906201,0.462510235666856,0.605144806303643,0.697852853251249,1.91123545212159,4.40637386400299,5.72148140351241,93.0630080946908
0.657978677103296,0.752745755020529,13.8967663504183,14.117942834904,0.621682186144404,0.40736262064334,0.341732819561474,1.86252092528064,5.5955926208091,5.19629589307727,98.4687946867012
0.617092891415767,0.520574068550021,12.9063870454882,15.6660024351347,0.599766695443913,0.479449896703847,0.502590355861187,1.5126429170589,4.13720512686437,4.11319665812887,62.5976520796865
0.75900872234311,0.851151783058606,7.18988978344249,13.4189118845435,0.664273953728005,0.373784470277093,0.317392692037672,1.75000612329366,3.28421488682041,5.42128673869232,63.8205832217634
0.519373984000273,0.548210778167844,17.7370658785803,17.9274011886446,0.695323428942636,0.452522954436392,0.415731172058545,1.01060103679029,4.58869872457115,5.23991715082945,64.5210877583176
0.550626281150244,0.683257372712344,11.3590118161682,19.5104295446211,0.432925558390282,0.582389088290744,0.690314814424887,1.41283869102923,3.06588888350409,3.16322534810845,88.7811194398068
0.626916959782131,0.81683559971638,6.8416393463104,5.77415247807978,0.579289255314879,0.578045035927743,0.693695807004347,1.9300026746653,3.71609962051129,4.30164304765267,68.9543150171079
0.733432874456421,0.681827605566941,16.9200527869747,18.760090060276,0.505836630315892,0.365722523439676,0.692326080591418,1.93629821216967,5.51413261299301,4.25713160882564,90.3639995060489
0.865458601721004,0.60492291693911,18.1160804411024,12.0521813574643,0.324757064625807,0.359861964717135,0.421466045096517,1.2400035476312,5.83130364960199,4.56310727825901,63.8665848074667
0.816962590895966,0.537479237060435,5.40533769786824,17.0675559239392,0.331576790887676,0.43607431473583,0.567204936714284,1.39641491847252,5.7983240456027,3.87436835464323,97.907640314158
0.574257846296951,0.883646670592949,8.85815614772029,14.9698887184076,0.486437207681499,0.595209564649686,0.587208785645105,1.11742014586786,5.29973756052554,3.27394638899714,66.4001555122994
0.530539341999218,0.511833744445816,5.15505149413366,11.7322560118046,0.522464319683239,0.661576846262626,0.428418908965029,1.85147557255533,5.90997048565093,5.89379783275724,95.6744807303697
0.805467580711096,0.863585641529784,8.37060170180397,13.9904923697724,0.47459284606427,0.560264377775043,0.691194710287824,1.29219153587986,4.60333137896843,4.73886249196809,78.2055931688286
0.88952914441023,0.849251958682574,7.10837885063607,5.32871208283817,0.477458781446144,0.494224980070815,0.3274984148046,1.62110240270756,3.50266820214037,3.48450915002637,92.9305301915482
0.551930733907037,0.627953536565788,12.0990102135646,16.145968254013,0.603394952717237,0.652101536140591,0.372578287622146,1.1296381990416,5.26788686081255,5.02224282764364,61.8381892323494
0.712949779998325,0.865052405352518,7.3119983805879,7.56842312874971,0.604308789558336,0.521355368615128,0.596233156692237,1.18478989553032,4.55189241728,4.4272475442267,95.0260997205414
0.665958665156923,0.710870093398355,16.4751337978826,12.9999206199637,0.444002772269771,0.47813198675327,0.497770717424154,1.9533629337633,3.41071326543717,5.23549703705544,87.6489362010546
0.846721890114807,0.560941387237236,19.5444071585266,15.9298443742143,0.337268977717496,0.589739671961777,0.311415957842581,1.05174980080826,5.60967599443998,3.37573164308444,63.0532704275101
0.717450165685453,0.755179442098178,10.6538209879911,14.9320977236377,0.615572798595205,0.353239359939471,0.476501055851765,1.68719221374905,4.04114338781778,4.34730311067123,65.3377839614637
0.559775196193717,0.673831814702228,11.50586509482,10.5159797585709,0.403323076037131,0.334963174949773,0.529086456396803,1.77682383572543,3.04201213555969,3.35119378977036,71.5648758609407
0.516540826605447,0.787088938411512,14.4220448950096,17.6947381750029,0.446788081819192,0.352542654331028,0.392911467649788,1.455107556473,3.40407007122505,4.40919855086831,75.3849774874747
0.675044403920695,0.89169098573383,18.2650854603155,12.2532720541116,0.415702098719962,0.354098645183444,0.337229695337266,1.19335930686444,4.96716440236755,4.30628247482562,84.2075244908408
0.705156065740809,0.593754888204485,17.0035163735459,9.46304595902096,0.68169736745134,0.370254040148668,0.449890473448299,1.96856796769332,3.72358210570598,3.24983489218494,70.7626314654201
0.578293859216385,0.577412754096277,18.4061583388178,18.3382443431253,0.660797051599249,0.54984603367839,0.321737350583635,1.79775651338603,5.01101264159661,4.0999725714298,82.6269148047455
0.757726712212525,0.88141684434209,16.5643352738116,8.84557798936963,0.470330063368194,0.693481381700374,0.599230990807153,1.60277869466925,3.44195735733211,3.55029258694639,88.8804958934523
0.667994362012856,0.809440930465423,13.8083139735577,19.0443330984167,0.46194853012301,0.455649997511506,0.463958158744872,1.15969564840477,5.39771265747585,3.92675505944202,90.3088495029509
0.564728962557577,0.782176846318133,9.41069836676819,13.2839339852752,0.551308295589127,0.450356468913518,0.365765595619008,1.99754856062448,4.66498376231035,4.64412872441718,94.498743089661
0.676809338893928,0.571441978680901,14.3598240493308,16.0841737888963,0.418590641042404,0.622758631107211,0.604342693497799,1.63860494894488,5.69586387663335,5.52832086442737,86.0745322120935
0.594703819426708,0.61001584868785,9.68608668807894,15.6267559654173,0.346486238807254,0.363777868859842,0.349612617020309,1.44501590959402,4.21512141946564,4.71969841478532,82.8534364897944
0.603171508656629,0.513566081768833,9.94904929647688,15.1261784731015,0.638325279787928,0.533500892495923,0.525930225417949,1.13797015109425,4.75823543767864,4.22284041989967,85.0286218146794
0.536874654247612,0.686899065312184,18.2208451519301,9.14521418255055,0.350444237500802,0.486259636689536,0.667312603556737,1.297058600449,5.08328588724928,5.7175211519259,70.4219688927569
0.726442300843261,0.547228196508624,13.4891572636529,19.4693522382574,0.594307958743721,0.597993127699755,0.579256105221435,1.72809331861651,4.08083310848521,5.4669631914217,85.1451948651672
0.555285830453783,0.797007302350924,10.2317834663461,15.7000275557046,0.395422812251188,0.457047183392756,0.391572552291304,1.58842672570283,5.10929145236733,5.73215514452476,85.4339512573928
0.731227560658939,0.87091322310362,18.6288031860418,19.5766063502012,0.500479939638823,0.531688138489053,0.413813286197744,1.37559347140277,5.03335872150818,5.36919009638904,74.4054799344577
0.689663859756477,0.893947101226822,8.24131068406627,14.2726025477075,0.686506710904278,0.307277608416788,0.605693946324848,1.28723002756853,3.53708517439943,4.66065942059504,95.4597237107344
0.71232074795384,0.598030746399984,13.432751380133,8.23315020784503,0.592528613681905,0.687812263250351,0.508913420710526,1.84358948303293,3.85114873379935,5.49351175628509,91.0572580598667
0.762460056683794,0.669069245775789,9.08422192997532,16.4121063458757,0.493540556561574,0.664912549225986,0.582996209211834,1.66417743282393,4.89933500582585,4.59268933419697,81.2234393412806
0.727485579471104,0.877501716334,6.90460022262065,10.7764840995101,0.54556996728275,0.454689327494428,0.432159930074401,1.00441816181317,4.717923395216,5.40754377197754,95.1843700061552
0.861177595767193,0.534766410113312,5.54783185802167,10.8062583923549,0.613220650145784,0.412667434679531,0.591975109742396,1.31493596349098,4.20335119886929,3.93353063600231,95.9226473206095
0.556185084573552,0.642112985741347,11.2358459982323,9.93663111635251,0.562266454764269,0.632317634240352,0.568917613439076,1.32754605459375,4.92558950791229,3.35782361506484,95.3969706957974
0.674252872946486,0.890127534609288,8.53843629571842,10.0795969672757,0.699308738912642,0.613477876465954,0.393904212442972,1.73350019382173,5.65529733354226,3.28515413900279,71.2332264226116
0.685680569454841,0.614307788762637,6.12429253927199,9.86581255025929,0.632407124170661,0.414903765084408,0.321039484892972,1.7601772153019,3.91708323854674,4.9500994847808,98.9441192995012
0.708441120825894,0.682841464095376,14.2261370048719,17.1729151670286,0.363904092474654,0.529789303114638,0.508403831864335,1.73104567238735,4.9395547891343,4.47435198987555,99.2446445360035
0.856734921077825,0.713015807667561,18.6881243028259,9.57430263952119,0.304910144100711,0.648463751513884,0.65344845076371,1.08604002590291,3.46324901861977,4.33042330833804,95.7620267462917
0.802736578007974,0.536521144446172,11.2939490667731,17.6047312056529,0.468725141715631,0.360349929618463,0.495897490352206,1.42304060136899,3.88180868916772,3.02523555644648,64.2537197087333
0.897671370977722,0.61887356692832,17.4417904099962,15.8126687455457,0.616031818352453,0.629026850484684,0.648163951193728,1.49970647991309,4.88297065419238,3.65282688851282,86.3721388744935
0.594080432722531,0.522324284390546,13.74681580276,15.565258659625,0.473008193537593,0.44342629708536,0.388861411510967,1.43624651939236,5.23588321508886,3.02380420403928,67.2154982741177
0.878008801675402,0.857746169936098,8.08515348905232,16.5726860776497,0.641395492284931,0.542432890369743,0.397317634967715,1.04987681499729,4.71382069281628,4.52483204627596,69.520413150806
0.780928596937843,0.867569296698831,15.9704386498686,16.1105949885631,0.488699349932745,0.449349717398547,0.69970775062684,1.81512087545404,3.92838180986652,5.47544345304044,83.6967194188573
0.854272781652957,0.763423951075226,6.80218274976127,11.2377504833229,0.493968528078869,0.619559759103134,0.394503273532353,1.61374601940392,4.83763152858987,5.3466506137792,60.5214797380753
0.63226077660881,0.602349237334915,12.1312643351406,19.1364268498216,0.64443167650383,0.534123952465691,0.531877513444051,1.07035817315988,3.58286097537261,5.45251451335335,87.321177664008
0.812763995032758,0.583345310385898,19.6203118357342,11.1432895508315,0.587050609150343,0.434322134720162,0.548117336975038,1.01688657812029,3.11009187263344,5.20207131841499,67.6619515104592
0.625027107995376,0.86689475271143,9.95659726265818,15.7303950745822,0.398850052775629,0.63981208845973,0.597778934653849,1.73753323132638,5.22162568807276,3.48618843765417,77.9119668191299
0.785945661905222,0.845699791334569,6.97365559209138,19.3390684826113,0.306620354084857,0.481177349226177,0.390757730781846,1.03730385442777,5.38395006945916,5.31393387959618,76.1892245034315
0.870000664251112,0.551144955364987,17.2466028920282,8.35800345354015,0.323405640866794,0.351543119396642,0.663249040760659,1.68168557231035,3.3330830586073,3.00203435465042,89.7101472149976
0.544116559788957,0.845140923084319,16.5000053315028,19.3403149775323,0.502771378241479,0.345046708325297,0.664769381509163,1.41725561405392,3.18821345119458,5.07166694145044,92.2704164421
0.75578571432326,0.607748110374436,18.7937372720893,11.4918607975543,0.449810748692229,0.544685473822802,0.361676218780875,1.92259879005747,5.52069200575026,4.04916925799008,93.454762311969
0.581895535526238,0.875187426938117,9.53525640179869,16.3475204215292,0.398398155005649,0.4461096141655,0.492950159289688,1.24868358654017,4.3802459183014,4.77674329054775,78.4925086917914
0.742597911092267,0.642999207989127,7.1393447593716,6.54346507677808,0.656948958069645,0.308075500356592,0.418890922713093,1.69790021243133,5.50546946906671,3.15882110752584,60.1098790965229
0.869384303756617,0.896939903154411,10.3864822242968,9.9645639490895,0.562700653108955,0.56663495313339,0.407152142207697,1.78941011693422,4.12339980060607,5.16096500663599,90.124127129484
0.89905685626436,0.839826522159763,6.24712268810952,18.6160535199614,0.353299426074885,0.44520940073058,0.38189621220734,1.76553798416583,5.81217920541577,3.70044341776147,96.1157556707412
0.749877944048494,0.652687935457006,6.35100557424128,11.2091044517956,0.691031189733185,0.392293729278073,0.434800376706384,1.84144921852043,4.97507023839047,4.91045397498412,76.4324477176927
0.547273357575946,0.775145510118641,15.5984790261276,11.317014212159,0.679371876124665,0.671717901512608,0.329772566617094,1.88459636106621,5.04705738544045,4.51985205706302,83.573589759171
0.512139156783745,0.649816916971281,5.14803984353785,19.4208472810383,0.383951683485322,0.388960609108768,0.433028014858253,1.5349925028258,3.64631372177135,4.82768265872682,81.0442406237312
0.630124841761775,0.690498286172375,16.2536232592119,11.0999805665901,0.587489817076363,0.337781226408482,0.435222110633552,1.19730885007186,4.43755712236092,5.54180059131375,77.0967253080756
0.811348761840537,0.769196532412618,6.57402355452068,5.07970360964071,0.406635073341988,0.478551263200678,0.481603877541423,1.1863992748023,4.14069767724769,3.61476124244509,99.5829789941013
0.863166252981499,0.619694555437937,16.8676335894363,8.88182244995609,0.364792609860562,0.697376703947783,0.460040774882585,1.73478141244408,3.90920141680492,3.6568111012741,83.0198154254258
0.884618392254785,0.585828089000285,5.695451928291,15.4030103170173,0.366125635144301,0.662661225004494,0.572933265472203,1.69825682197139,4.70174068338331,5.30641469577374,96.4546395200677
0.722505128432438,0.857052076061629,19.1947969427961,11.7680813907553,0.538315588552132,0.432768699606508,0.312835582204908,1.14985924683325,4.18929495742964,5.5543260003333,99.4446290903725
0.814860051697306,0.731157760653459,15.9850307916291,6.24879428761546,0.582749444770813,0.563872592544742,0.43689651540108,1.80225322580896,3.01677640360314,5.24610313090403,89.8297949842736
0.783998932699859,0.629519900218025,14.7402800269681,11.7133815635717,0.520763025424443,0.394327700415999,0.619084931663983,1.18837329853559,5.2543215801171,5.06159033070831,87.7605746894889
0.875051403944381,0.710144940183126,8.64192733938107,12.8389993857685,0.648620978069119,0.659015956819616,0.458626369138248,1.36614467719337,5.9484948207764,3.29397813558206,87.8990960536711
0.570528685254045,0.661942169765383,15.0078921606927,12.0358509768965,0.369592003946565,0.41528234361615,0.370485621358641,1.53732952644583,5.70687313116202,4.50569682278764,96.6016990976967
0.57693770772256,0.850194770009443,17.6045789368916,6.03918051717104,0.596564109532908,0.408242014492489,0.339916995518468,1.12508494729316,4.0954910747339,5.0979198749098,92.8799382235482
0.514967601242662,0.89520443678014,11.6851877105259,17.8571267801267,0.688848662110604,0.472557559833117,0.369837856618129,1.24208588879881,3.26196094595594,3.2531668817536,99.1210667875782
0.660790476450697,0.674539590519853,17.3825234653684,6.82862152532907,0.639108421874791,0.376099188196845,0.680801375836507,1.78296153731365,5.6618687025276,3.27875695529161,97.1800118525513
0.608497505422868,0.76002445379775,8.94451671417337,13.9412544451072,0.370565696862526,0.428604816745408,0.629186591502279,1.74512100874912,4.05966392978327,4.26203131190641,73.2896170482598
0.584924697988294,0.63387674010396,11.1185684350878,6.48501288988628,0.401776513478346,0.386203148844652,0.677419165248051,1.25262046549888,3.54336987581709,3.42347206686996,64.3682081328146
0.524147834995948,0.655038988420926,18.8658485083305,5.56442884674994,0.558658439865336,0.603173112638667,0.403071286533959,1.26701944103278,4.99750696455175,5.80162136618933,86.7621961839683
0.71828686869964,0.716221062314324,5.84154876245651,11.2980345840752,0.471379890278727,0.51623233389575,0.356799558462016,1.52044479976222,3.23588233218575,5.0515996459499,76.9194260981865
0.728613107149117,0.567680062101595,11.5872478074674,12.8077764901449,0.461494954893179,0.417782817588933,0.58452849767562,1.64179937453242,5.85411148866685,5.37935569002014,84.4893155768886
0.655068853599578,0.699899610084109,8.47623437641887,12.3331751335319,0.319610195880197,0.42726324590873,0.48442106923312,1.09761909326259,4.30439407827705,3.45244741701661,66.0216443830356
0.526157536016591,0.617729655113816,12.0754450858594,17.7673240003502,0.517693243526854,0.448452968015149,0.577507215147093,1.72383994282968,5.54141777831968,4.85891155290278,85.2273446942866
0.599052399384417,0.584188285547867,6.72151568917558,14.6337195525621,0.546240572915226,0.496412675537914,0.340773041367717,1.88390426912205,4.88897680097306,4.14827810282959,94.8563298488967
0.890082155887783,0.732314806614257,6.27517930218019,13.7839319965453,0.689621649526618,0.355884668513946,0.465733990606479,1.77578360326495,3.22780448698159,4.91918411054369,98.0202846715786
0.563885248243623,0.742162618973292,16.637006216289,8.51773103228305,0.506529086157866,0.379773935481161,0.581712583778985,1.33645647071209,3.03956555750733,5.94090582816862,84.6132526816055
0.535895779258758,0.552599866039679,7.5167904979107,7.68783888241043,0.633086928346194,0.554317857562192,0.438519173610583,1.7475452348846,3.59415801879577,5.92044846987817,84.258099673409
0.885716741245985,0.747309362379648,19.94477290018,6.31609757259022,0.60855705941841,0.638137576243281,0.497572630973533,1.15669969586469,3.90526141650137,5.94758229376841,80.4644391849451
0.61840474668555,0.88279520335719,7.52617275414523,19.5446606810205,0.451794752109982,0.617365363916196,0.354374872405827,1.06359173335321,3.59050731175253,5.15911853354098,78.0963610409573
0.759764718263224,0.824257169477642,7.34244749254314,7.30072442387231,0.485263452368416,0.39088936201185,0.421661316979677,1.21442838731408,3.95295721676946,3.9918205030798,69.2960300515592
0.513690875821747,0.556720002179407,5.51212834978476,6.40392500596121,0.542794993587956,0.587910095303878,0.397879397148639,1.2452567347982,3.50774028347712,5.81874129607296,75.7128077869117
0.541717399334535,0.609352611039393,18.5758535174723,10.5331377874454,0.523319948618859,0.389968662300147,0.533453773676604,1.70619270830369,3.0998730596127,5.80316725325631,93.8993747434579
0.522905230004713,0.725823962751404,18.6083335248008,6.5070737599954,0.391345967868157,0.438375236248598,0.556294010753743,1.77881850100169,5.30445062196348,3.39613530323049,83.6402836568095
0.809013186752796,0.822077540197224,9.16560390213039,16.8393663325021,0.542014868703671,0.326203499124385,0.37597780956272,1.2751078136093,4.01549286294216,3.36135871698707,79.4124448926933
0.505895808516257,0.571077548890747,10.8993061527773,17.4920928941085,0.419971261005849,0.326430821922049,0.577717711625807,1.90588006360643,5.48724202641891,5.03940354925068,79.1368240416795
0.845687294367142,0.546411991200037,14.8761687683617,7.78882639707765,0.455700954041258,0.305307441736385,0.534634277742915,1.37715231431462,4.36844878653064,4.57737386715738,89.6795417153463
0.82515744400695,0.646311385790073,10.731044289819,15.8498055844475,0.6282334858438,0.422703618474491,0.641884252843447,1.30897513271077,4.27243355144234,3.7738737735101,68.4793379622884
0.625825609011948,0.844792698623799,19.7383041463653,18.846624824414,0.510694892729819,0.664727726754732,0.333730888669007,1.02754016535217,4.9164207177842,3.23994403300295,71.8653140338324
0.82409841085244,0.681007486914843,6.59841416266514,19.1863772279234,0.412905613970198,0.387249893658049,0.312540909640864,1.37156777180079,4.0460084465649,4.15501810546545,61.2775450059958
0.701153288731724,0.697585365366004,6.09596360974712,11.9063590918365,0.595912816382386,0.327744218622707,0.377792488728836,1.98706716917409,3.30429872803297,3.19599441074627,77.260861443691
0.743741292776167,0.813776939874701,11.4703004497685,6.2788254315895,0.537146223287284,0.518675212791562,0.506175888777897,1.81304945090739,3.16770302662533,4.84849875951139,73.6101890216954
0.891510716415383,0.703129328681529,14.6664754878893,15.237668238068,0.402525698133931,0.524647050197423,0.41729456123095,1.39139141813014,3.81637957726233,5.97079595324351,63.5570903683081
0.796768103475682,0.63290034742225,14.2771023612283,16.7354895426962,0.591490373178013,0.505642648612708,0.359991007038392,1.86910275497148,5.34118402133323,5.68742520899233,79.0565512914583
0.643611960905418,0.687238749554567,10.9384071687935,15.5272696289467,0.351850211782567,0.509291742788628,0.387220830126852,1.5023937028083,3.47135721362662,3.90492130093323,76.1308560426533
0.629056231630407,0.581149855191261,7.00896700649988,7.88187004871899,0.539755902222171,0.580676124874689,0.445163737053424,1.00680032674316,3.9773951391899,5.07937453450821,87.0183252985589
0.672696937190741,0.707926265713759,15.6532364535332,10.6088321662997,0.492330261019245,0.624212372320704,0.586620407817699,1.36102076716255,4.9730799025828,3.62060164219374,60.9787383498252
0.836605204810202,0.853259472641349,8.73700825505657,7.32497574469308,0.470845732496306,0.506824466848001,0.347608842634968,1.84585500420304,4.55497815125389,5.93244198118988,92.3568435598537
0.822869060149044,0.662406753083318,15.2418078408367,6.43493967046728,0.529354285580479,0.583881768685393,0.691630576043762,1.80130595853366,4.86028069246793,4.11909780163178,68.703919690121
0.757250131204538,0.792927390944585,10.7922996257548,17.9949113532109,0.367189425212331,0.529337980058789,0.563442177898996,1.42536945014726,4.56360088726413,5.95532489582989,84.7585799388774
0.798046579254605,0.861749936074391,15.8805573023367,19.2167518159444,0.692445115466416,0.607669745148905,0.306493706260063,1.31752990527032,5.42002331654448,5.60401169950096,61.5628688905574
0.741109937885404,0.761425845680013,18.710236389304,6.89583381899633,0.340131304417551,0.660163608901203,0.669868788938411,1.26994773303391,4.11591930834297,3.31386303440854,88.0820978868753
0.612649638353474,0.754338438276574,16.5405501050339,13.2148977292888,0.681255644481629,0.698775302232616,0.583927260344103,1.3029159254157,4.62672665084107,5.86549069686513,77.6684085034393
0.806453698766232,0.541162740952335,10.994499099825,5.9043183460366,0.460408312818781,0.6458288638914,0.668076164457016,1.88704266085429,3.74964489492215,4.49779343589535,70.5338947480172
0.675971254854836,0.695652853732556,14.3866807339131,10.0555355996173,0.464023573644832,0.561484944788925,0.492723499216512,1.24733997596987,3.00517770404136,3.58768584009027,64.0129697794467
0.744824482006766,0.637034128783271,19.8859187051491,8.55711714809761,0.640060747819394,0.444088835801743,0.339074898198061,1.40044007880474,4.57640359597094,5.8596082480629,78.4468483852409
0.81584068827685,0.811989645554312,14.0078173113964,19.9266787625826,0.485872922108881,0.566206801784225,0.600856000920199,1.29848459911393,5.98227401942108,4.00785655125836,66.5437354658917
0.531780520130508,0.657790221425518,12.2360626788368,18.1405185842072,0.426141259633563,0.627475233985297,0.590204834005982,1.64299163346551,5.37397048013751,5.7391704062121,83.4048256406188
0.583586520185135,0.899595922417939,11.3642217920721,18.1215544989309,0.421459204207547,0.53743206785582,0.578436114808172,1.49422873487929,3.37677626279974,3.36866305457242,98.5383020135574
0.839732617578283,0.715181856944226,12.3514967751759,18.0555944258068,0.480476264561899,0.323379480229132,0.570225649361312,1.35069340080302,3.66270893792762,4.9449051685785,94.7029926195368
0.530229920317419,0.622109738059715,16.1386180805811,18.1025492359349,0.355832338071428,0.442901779771224,0.499585305155255,1.59318873289553,3.42693580831401,5.88214097092906,66.2266365625523
0.792056049203687,0.737293464336731,6.50226906210883,5.83302414854756,0.662009335592017,0.38370980351381,0.403297392081842,1.97233844669862,5.61258751226356,4.01481907895347,87.1054707633332
0.803479001398944,0.804849008770473,16.6737213906855,5.95264138180763,0.421856604785658,0.55454431139119,0.344899347996339,1.93261414929759,3.02406064675609,4.24253450314142,98.8031683684699
0.719973594165035,0.631013128625602,19.6067892260896,6.33251150989905,0.590297342121042,0.301798632908054,0.429222271250747,1.90852117148181,4.61880223896587,3.88452299441071,95.076433854457
0.894553052442521,0.852133079056442,14.9096422028984,8.04907644545659,0.387600041520037,0.460911581094377,0.57188644110579,1.41832807924412,5.63931667960715,4.23969629821926,85.3123582130857
0.633553762570024,0.601379745495692,9.66611256603617,9.21691802972229,0.438296584704518,0.658079718867689,0.696850607498176,1.62565560835227,3.70799257894652,5.81004393145256,62.9986307090335
0.786627174605429,0.574277369240299,11.7134332966642,6.08495694228448,0.443718449687771,0.534437108713947,0.481421440907754,1.82937844117358,5.64087731504627,4.72367659729533,73.7921218266524
0.68543534186352,0.803769193137623,18.4697770169773,12.4566386362049,0.375371516369097,0.527521837653406,0.590749995130859,1.54732129109791,3.8068998373705,3.86486552317534,74.6993929384649
0.576415864689276,0.626699520625919,5.58480853891233,13.6252829160891,0.357711645665206,0.406498307362199,0.434284364769794,1.16504755248316,5.22666372407461,5.96756225326331,75.6637487345934
0.595262212617509,0.543173674641922,9.32502436199691,14.5287692135922,0.365073757164367,0.385258368931897,0.300183530172147,1.46955815888057,3.05640353010222,5.61886063586175,80.2436708084494
0.770798420881107,0.820594417308644,10.8564369715145,13.864918508043,0.671114867221564,0.330514624877274,0.46920627458822,1.40208752153534,4.44140764448885,4.77272785416339,90.8529773736745
0.53431194342263,0.838491926110163,10.135650345562,18.8291886062431,0.532016715143435,0.523138086083345,0.369316714399494,1.61020265328651,4.87026508828159,4.80572903900826,69.506897339467
0.830201528793946,0.644531358221173,9.7919942736323,11.3387379055796,0.392311548850313,0.406330109496601,0.490103712248988,1.28890476056747,4.29827008861396,3.08132782860613,99.73384731967
0.693667662325874,0.599577116000094,13.2014238837827,14.3321992376982,0.528691920738853,0.584118873903342,0.580236383854784,1.32102030476369,3.8316703487034,3.11873738287948,63.3595649606735
0.588764109401591,0.700683129966259,9.64004643581575,8.65822162849363,0.440290941529535,0.596530775460415,0.651841801122017,1.63685385279544,5.21894488310069,5.77685510854516,95.2929418359324
0.521059280587733,0.796075983960554,19.8068730033818,12.5369636039482,0.697837882352248,0.546760134628229,0.606457107332163,1.53330324542709,4.49841537502455,3.44998347890144,83.7779890205525
0.876134299889021,0.6675801974779,8.42344705441734,9.01437884734245,0.447727923626266,0.341209244392812,0.410424556756578,1.35922839029599,5.68423688676814,5.46552785790945,88.6744034267031
0.517334745422751,0.555259344830923,7.85206182825612,5.72381722166901,0.396193032724038,0.471176061127894,0.444067828626744,1.57724259892898,3.85510693312716,4.31199093091534,69.8935776089877
0.818672229733504,0.616714853249118,10.3519073675899,9.12329425903969,0.699032345892303,0.488696823845245,0.555131626968645,1.05574533589324,4.77352784049371,4.20109268431133,99.9693515512161
0.655392894306406,0.589198073245958,18.3444626105228,7.07735474482412,0.583221473744139,0.621010414779931,0.351698120760173,1.72572695252113,3.93450968593033,4.98149365804251,79.5050050562806
0.61627728806492,0.721481002970971,8.75329562328057,14.0800565752294,0.327914311856404,0.349774379350059,0.581355521745607,1.36912859129859,4.35379596447945,5.05256282572635,74.0609970024973
0.838051184344478,0.507221095357835,18.0215936882561,15.5323440452805,0.673258371911198,0.633685620423406,0.572324889492057,1.81721573281987,5.09728923605103,4.32313344616396,74.8333907913044
0.697433131645434,0.501043977452628,18.8566834169952,18.1941159196617,0.32560525766816,0.623647041905858,0.685337642489001,1.60734083615802,5.31099142192164,4.84364904894121,90.7118172942288
0.560241923733242,0.880016204091907,9.31552599722287,17.2436355992802,0.313443961478584,0.492266359038278,0.419758364117704,1.85247865342582,4.22892263588402,4.45935826383345,92.6488145507313
0.750782121029496,0.673035692685097,16.1122226741258,8.97669850367587,0.439771457562596,0.346486910614744,0.598551821887121,1.54487135793036,4.14868863564916,5.39631360483868,88.3806225797348
0.621337945600413,0.703231492898986,12.2086139427498,15.4163664150215,0.572290395074524,0.532771083582379,0.644331174170226,1.42057473916654,5.71939533145353,5.38636141674221,67.0379111137614
0.609746203290112,0.665061394268088,5.02816603567451,18.736950202398,0.400631080394424,0.635949690566212,0.374942671343312,1.26302375651337,4.26310843541566,4.34140390588716,69.0721260598302
0.746803724553622,0.542160685528815,13.9958965911693,8.32989996482851,0.301600482508168,0.454356355966814,0.383372588547505,1.33266005989164,3.20895361771714,3.93857737686485,84.0212672493607
0.545814714031108,0.758207724960335,5.47393122101668,17.2132950241282,0.65601904787831,0.368511399625242,0.399300241252035,1.90130124751292,5.37852612444526,3.08437683857745,66.7833968384937
0.833209379899688,0.741271379023977,18.5385884942859,13.8066339154332,0.564187857567146,0.679376882979088,0.426241107271798,1.17595498880185,4.24039279606193,3.63253055350296,65.1560724888556
0.634587005809695,0.514985842225142,13.692482702462,19.9976839889586,0.437303394979611,0.653596399285831,0.407697113536485,1.51125182873569,3.17740821265569,4.21748207451124,82.0603804200143
0.734248988288269,0.706048080827855,18.0938043359155,15.7500167984492,0.581369361463934,0.495509033298492,0.386066853659414,1.44643393863831,4.7490878165653,4.68266236985195,97.5173458051123
0.520068303789385,0.685186820068397,11.0433710151375,18.6465719530499,0.694509849712625,0.313744464161433,0.389958993279934,1.33453018196952,4.51647413215041,4.86126762406714,72.7790847299062
0.739460148203559,0.872734244570695,14.8488395097526,7.63596566448454,0.567338642495684,0.33670331591256,0.518805413284898,1.39404708852479,4.00208758750884,5.29216673138877,70.0332175162435
0.838602379924804,0.612490408055671,7.9856201035413,14.3965846211417,0.522100067061931,0.575497706710733,0.693262314420007,1.38157829433819,3.44575719197234,5.53653409155831,83.9941548602469
0.829368257954344,0.736491864085756,8.23739880557172,12.3968531218078,0.352751367513835,0.485021713198535,0.649326771640219,1.99300011137733,4.79593170023616,4.65229125013808,98.1964447798021
0.85923923342973,0.821369905460812,8.03293455405394,16.5239517378947,0.67875386638958,0.618722417541966,0.509667858707532,1.77042975527514,3.92325898625795,5.44423848059541,77.7903130668402
0.600950350682251,0.785786518835649,19.5683045143005,11.9464016847406,0.483587137893401,0.461960492127761,0.458048452644795,1.09474384446256,3.78787636539945,3.01309230419202,99.1114667211846
0.837005761574581,0.598492008087784,12.8711595756304,19.7258833000413,0.315504138055071,0.600512363788486,0.305377864817716,1.52604555366188,3.73556854604417,4.81874397730781,74.1014313107543
0.657229680788145,0.693719058630057,16.310581636061,14.6999560253415,0.459689400435239,0.543938744974695,0.621753935449198,1.23170145804808,5.05223469227878,3.75274619008368,67.3948121509701
0.76846666210983,0.87581324838344,6.21003347939346,18.4880607639952,0.318248549067229,0.572114754250832,0.469990802027099,1.10753596555348,3.34272801317135,3.7166963651916,82.4631303103268
0.711386994398199,0.564796801387519,18.5087779581826,18.2510558107053,0.42394794835262,0.552974906118214,0.302820343670621,1.56623190067941,3.6942213153136,5.87330011833413,81.5340952579305
0.882756467492692,0.728451952050999,7.9363613134902,15.1589645132003,0.637176807292178,0.584837858672813,0.302307313112728,1.39936426187214,4.94603183800774,4.27949093051534,95.2107066198252
0.673262179441191,0.690050715401769,12.1490678326343,10.9967755713407,0.600856595708057,0.458778599491715,0.682825627342239,1.44213869176572,4.98717287501833,5.90473739079153,94.0716524071991
0.694858074356802,0.549389431895874,15.1193380899401,18.3783924092888,0.343072019039467,0.685479249010421,0.544789810183831,1.28021220647451,3.89040468303021,3.96324870737549,85.6825351242349
0.701696742487699,0.829223020189255,6.74873308929615,12.432768809339,0.303804169817269,0.331780294219777,0.674494920711592,1.35436125107203,3.31157110631978,4.19023784012022,73.7384457186051
0.752465536372923,0.80687350310348,12.1824191986024,14.1430935284379,0.660974209044874,0.545259305747412,0.320029152304679,1.00318438483495,3.75249105312349,4.06458252711128,97.0722295847163
0.549152198838443,0.511174844640307,13.840465785875,16.0683109281235,0.441660908334888,0.561674834564887,0.479125686346553,1.23302288804855,5.55885953370156,5.55682123454986,68.8631490229815
0.511801612094604,0.602902621762641,16.4390492030792,6.97410159942461,0.611828139638714,0.609170624412783,0.305667026690766,1.06018999046506,4.00048751204833,5.43955184808048,91.180815618597
0.778532008583844,0.606420454994403,14.1559645030787,15.893318733857,0.676107342180423,0.634545118091442,0.506819229256548,1.89119897113414,4.91017238639575,5.02100290591596,75.1727976606041
0.640960242605209,0.742493013692088,16.7216814694158,7.27870448900852,0.569165018615872,0.61237953871116,0.358112010823376,1.53992146224249,3.82579416062264,3.10966231928067,96.8498148217052
0.646049955771305,0.745915051734634,8.97742493781261,19.6073437212128,0.653454591831006,0.599349804011546,0.575971736237034,1.57353089189949,5.72966217248887,4.88391643826757,75.2782728705369
0.83393020218946,0.611007562160865,5.73674249086296,17.7295127412817,0.330811739155464,0.501610145896114,0.524643417913467,1.33802747299802,4.64576564820902,5.35426112647215,90.4917789278925
0.736680518918298,0.562916948842443,17.1077194536384,19.8202238727128,0.622895235608891,0.54565220215451,0.401905291061103,1.81871258359449,5.87497592881741,3.07785244174674,94.6255024917051
0.664296075860597,0.718921439173631,7.78446267618099,11.4048473400762,0.349664382425509,0.322599229096062,0.555779294892028,1.67116178431036,4.65843919070391,4.05346836117609,76.2739075085148
0.69857903554365,0.589883130280115,19.0030816358863,5.29521226225188,0.49975977715496,0.509843314855918,0.633684262435511,1.44934077623999,4.18112289331667,5.10222735049948,82.2288629905507
0.784293353336118,0.503524297057837,10.5482464353927,5.25167274604319,0.368230167597719,0.677425641892105,0.528339210562408,1.91449946657103,4.54789441754948,3.41052887854306,67.784384121839
0.77280640933942,0.711624148908444,10.2186339613213,14.2510746313981,0.586257715287432,0.475270841934905,0.666691146135516,1.16350707130227,3.07114957696293,5.22760455792211,98.3367511926219
0.716255374258198,0.749522060126811,12.3030210660212,16.3734293347318,0.563928150341101,0.395080606700107,0.377403483461589,1.58011359562725,5.74182169655711,3.33854725048738,86.5716840014607
0.77194906851314,0.626193629832566,11.9621783485357,8.93058660249226,0.410982042629085,0.659714549174346,0.468350830539316,1.31122158235963,3.95810166134778,5.40072909302451,69.0081505474448
0.721544459634833,0.783168962926604,15.4355475850729,15.5913774009212,0.334670936293714,0.656215927952714,0.642652445948869,1.56187103744922,4.78746015495434,5.34509860289376,86.8978768520988
0.849644406023063,0.762580240701139,11.0147264784598,16.300864978882,0.636204501068965,0.357901383188926,0.558172188868746,1.80466703908145,4.76682069621189,5.39101946135424,89.2997247188166
0.518696270545572,0.856397604300641,5.44650109857321,10.4146512426925,0.407422722368874,0.416939644970372,0.462999560746923,1.29044086319348,3.2307669897289,4.92819739065925,72.0337993968092
0.639212734985538,0.889295209126547,17.5246875275252,15.9524611734576,0.333860508194938,0.589599029313587,0.620461730585247,1.21964129399741,4.19516293978784,5.61469443553733,85.1096425853483
0.887958158219047,0.65053798688259,13.0046086372109,17.8818427226297,0.454870997077972,0.50745844788067,0.539374131854065,1.76362777888868,3.80355727841053,3.54284918215172,65.4792408058792
0.637630217136815,0.827965330057778,16.8953146941471,16.0111181187676,0.595158756960556,0.361033967856504,0.675503302561678,1.78570836412348,4.84537340742443,3.22279272917938,82.2892693466321
0.880907221958228,0.569366172501631,10.1125964784948,11.8478580195759,0.441103720785119,0.373262885715626,0.621500649297237,1.87126382148545,4.73375055036228,5.17161501787696,71.2806094135717
0.65907648245208,0.538921393932961,7.61329017716693,8.50730343719944,0.478647772504389,0.433490167906694,0.505293226148188,1.94287128747581,3.16163650058722,3.86153031462897,68.2702086709812
0.746002869732678,0.530545999145508,13.289351645133,7.23679751312593,0.624798334347457,0.302418500402756,0.618267394204438,1.91885308908345,4.96077309163101,4.26821525567444,93.1863213340007
0.76021416966226,0.671404263326712,7.39141771052964,12.5802709279372,0.610792900486849,0.557339393484034,0.33623759695366,1.6853452598704,3.65912643602304,3.52688894989528,70.6481651297957
0.706395538447611,0.788950055460632,11.0802551773004,8.08929439883213,0.385403869757243,0.403252460285462,0.465491676097363,1.6664614025685,3.84052221047552,4.6984372197222,61.7181208963506
0.858326342675462,0.873247150710225,15.4849936093926,15.1860571871302,0.397402774975263,0.597044231200032,0.457222755240463,1.74989762817696,3.53164665557211,4.88796297604451,95.8415552744456
0.691064926588535,0.747068662093207,12.755714525911,11.4671680671815,0.552572997026518,0.457857013183646,0.476966698802635,1.57538240945153,5.43301446329104,5.1381578215342,68.6297139431164
0.656739740185253,0.815377557089366,13.0548518035375,18.6986398339574,0.561426729189605,0.616343881081603,0.362816843250208,1.83556027675327,4.53157095001498,3.18676984541165,67.0479929792322
0.587598056977242,0.639399908884615,19.0750441617356,6.00017584636808,0.539162279823609,0.601127784739435,0.521636241756007,1.55378326555295,3.73124479751196,3.30671090093488,89.8514301863126
0.863586266367696,0.892238857678883,12.0056409346592,16.9180569822225,0.362308110870607,0.345874621378817,0.516832131091878,1.50611389235919,5.06929385713069,4.17790395697905,60.5966012553684
0.881814020028524,0.546334367184155,16.6587385452632,9.29764914737549,0.584633557813428,0.650513971045241,0.329379278881475,1.22814504451258,5.79388685057731,5.74958373631071,83.1829882571474
0.883881881627068,0.791352823101357,12.7820404122816,5.85957845614059,0.445184580062143,0.549198302110843,0.478284947005287,1.87371527793352,5.49532668511989,4.4918099116995,92.0096492686123
0.652699465996586,0.837912922477536,19.9827173549682,18.3926008382929,0.414795299989171,0.464774006767198,0.30862469851058,1.6945075278501,3.14837824812485,5.87753929860704,60.2972209319472
0.500620276367292,0.603325278816,15.0333291622484,8.75479680517223,0.399287266867794,0.328973376973346,0.301533429510519,1.10976376027381,5.81993501715968,3.5339519871301,88.4609008170664
0.753866215800866,0.504862815878913,17.0433780275495,9.72435285826214,0.48422350480631,0.594063797391206,0.65760076485239,1.97873881868506,5.58458808279829,3.61029939862853,66.8824429542199
0.849220971543901,0.776191594294459,14.2536992846569,14.4628567553568,0.59358614679724,0.424627721991017,0.574190043527819,1.47883171196841,3.4007886440428,5.31932384748571,80.613955070395
0.703254070728645,0.841368538367935,8.5699621147057,7.52877005987335,0.472609248821996,0.409757504551485,0.562896704622358,1.60486248341668,4.57173178414581,3.95347894006502,70.2645846932195
0.548146017902158,0.84048262254335,11.9341397631564,10.1161214393983,0.434728221007064,0.504639105758816,0.348345525513031,1.90610346527537,3.31695791857643,5.00908086677268,75.556372740902
0.689426637677662,0.862699854019098,18.9595143781975,7.86721799030667,0.598170830844529,0.476548493356816,0.461811314550787,1.18113213354629,5.55098083055858,4.1654927224922,63.9736742100678
0.58631143066138,0.570345149153285,11.7841732246219,14.6066139107244,0.316663208006881,0.672461277472787,0.44043828474544,1.41577113527246,3.88404080447461,5.83006544743572,77.932448604852
0.60384685966149,0.538108477682248,9.0015570079349,8.17776021193946,0.339745798034966,0.611158829176054,0.535959600923024,1.8544154748437,5.32125773609569,4.98781331238197,90.762296343986
0.622826106633991,0.694830407522246,7.23238358814968,14.4290888040233,0.448868828621507,0.693751572960801,0.554265289474837,1.72066969799064,5.74543869619584,4.72867684927164,64.7772651279718
0.556815414311923,0.749732991911098,9.52885338370455,9.36505317167845,0.386045764077455,0.484105516212247,0.641214949888922,1.47431091037346,4.16001794634992,3.60417981755454,87.412853505183
0.830580143039674,0.595786464823969,7.40038967342814,17.2045821715053,0.540149733502232,0.487895855891146,0.437911762618832,1.37838579740329,5.64884664737619,3.45851498786733,89.5832402293384
0.549875308712944,0.640697036989965,9.98652255515335,6.22656916902866,0.568789599518478,0.519588570000976,0.325999280472845,1.14650363105722,3.99161075592879,5.57530163350096,80.8938062668778
0.85057072107438,0.533285385655798,15.3134363270155,10.247531745322,0.452693599371612,0.306731771793403,0.405283220789768,1.1101870085774,3.83559304145817,5.03073761851341,62.7401401585527
0.862217085801996,0.769910151579417,15.6823113527289,11.8256748581911,0.554437631371245,0.591039472302049,0.683330582690798,1.5542844758546,4.39692714936147,5.68186102274805,88.1796588821896
0.564848931934126,0.801992621787265,13.5668030481925,10.4610234143608,0.376045062817819,0.311662180418521,0.625714740383253,1.09290325700725,4.83343467988959,3.13049694798701,74.5616800235957
0.766948516978882,0.758921936094016,6.79135537477676,7.19616790885339,0.625439194609597,0.611468485316448,0.669040648107789,1.22351831186796,3.42270357193798,4.99357380066253,81.2959127324633
0.840069325859286,0.748606313515827,19.2735194399348,7.75498589037685,0.300150065280683,0.470362111946568,0.41633147253897,1.67566153095942,5.7311505299611,3.79655629252503,71.0340841513127
0.682873833745532,0.713691233625449,9.82604271228658,6.19965606446611,0.306041990749352,0.410974292326532,0.343170536043309,1.83874862097763,4.02076242750138,5.60284421128314,80.5528070952557
0.615106892101094,0.8266243921021,18.8974169619451,6.6799789812183,0.453443339025788,0.594642278937064,0.333061029130965,1.51863476138841,5.77485533155594,4.37583421315486,62.3755644220859
0.663047987873107,0.692190404349938,19.4573185645649,18.5106175095215,0.659849601381645,0.643150568887405,0.490449656737596,1.6504929507114,4.82291621210938,5.64201410398493,77.4715985674784
0.589363641509041,0.700954897874408,7.5992963258829,10.1413478638884,0.533622999728285,0.344129617291875,0.345743238234147,1.00015647150902,3.39272928408114,5.59060132138152,60.0164826625399
0.827461949149147,0.738242044837214,14.3057962250151,10.320893527451,0.363109171371721,0.402437231358327,0.431745466519706,1.13931578734424,3.43603028886812,3.92130063135456,98.5776959390193
0.581306662707031,0.628272114771977,14.5092532465165,11.4224775576545,0.512684523653798,0.518255254893191,0.427326231208071,1.02346449971292,4.06340973276179,3.15299113844801,61.1268739921041
0.78770955265481,0.890707232127339,16.4067193654319,7.05851102112094,0.57382195101697,0.644732573055476,0.604889169919863,1.18248919136124,4.33742423977051,4.08730365231028,79.0256065559387
0.661279232189432,0.860054963108152,12.7232210397697,13.1313688774826,0.507558549030311,0.4712457482256,0.695106004215777,1.08047125464678,5.57444129129173,3.1822489688443,66.6272511400469
0.858482677852735,0.525508444347791,8.68726079607615,16.2341743229283,0.550763854215294,0.337547526034899,0.473804257540591,1.47376172617776,3.8612853070409,4.23043071301002,81.4358767163754
0.886410251932777,0.764636051741801,16.5901878701313,12.9116569155525,0.454048345368542,0.569946793173067,0.624862554399483,1.80798743819818,4.59375355418818,4.74728979398171,83.8536709092744
0.85142530883234,0.530006817456894,16.2939190115756,18.0349480072223,0.618302218058147,0.574746768466756,0.489386640601978,1.31296836194349,5.28182389587583,3.20130649057031,74.7215184567124
0.71433940455541,0.608352917351015,7.69560185010778,19.9052220360679,0.663156646696851,0.525479879690334,0.687547141536325,1.64645156227611,3.05286114484957,4.02402749481099,74.2520919987187
0.562062060719542,0.830727505130693,14.5415779583366,9.78915263736853,0.320144678524882,0.628601050300524,0.521507909427024,1.46439892779617,3.48228542742133,3.87937827297114,75.9728055036999
0.718423982667923,0.846942484653741,12.8364663485205,10.3715203423495,0.430980988835543,0.371348052600585,0.546218414113298,1.20051602959773,5.54788784560701,4.40193744026776,80.7105053546839
0.651746191029623,0.785118864490092,6.94885214949027,7.98247031744104,0.335363735731877,0.630911171201803,0.450531878918968,1.04028294602828,5.96377213155152,4.04045578075899,86.5522497667186
0.647240383254364,0.877801851056516,7.45488500704058,7.00046417202335,0.607120670092478,0.538167391266301,0.645000363012776,1.96419480787637,3.87340778106451,3.72804239041032,69.1945115199126
0.537772663710639,0.504672864153609,18.7571774029871,11.5662712686392,0.328006613831036,0.603247172930837,0.634544806231558,1.36502876828052,5.56408540430339,5.335718618616,91.8796783789806
0.820375897078589,0.787756450996734,8.48267765212338,10.8790706457431,0.667994115829468,0.401309182359837,0.556859029798955,1.25012690927787,3.81275497600297,4.67916438148683,86.7129068090953
0.644584351792373,0.788084710289724,13.7285081686312,19.0190317143151,0.652770391741209,0.56736528912466,0.558613222372904,1.99132425902504,3.12832946212683,3.41767664918304,62.2175770716928
0.653055048231594,0.765076863993891,19.4776701501664,17.7801113375323,0.435284248675034,0.5136687385533,0.485049353951402,1.79089199357666,5.96761680332338,5.50655368956551,87.2503135430627
0.558141518521868,0.733062631161138,13.2737316132151,10.2054236283572,0.635687268358283,0.573812587468699,0.446863240530528,1.17232436461328,5.45155339698354,3.09036159944767,67.331532927677
0.70274653853476,0.70239917647969,12.6933159053046,15.0485827401257,0.488944619933143,0.59865931373369,0.622814057982341,1.01823131517507,3.1240626306301,5.99566842483357,60.3440190554597
0.642571987677552,0.670151092417911,6.07953904542839,9.64035085912095,0.361512779207341,0.642255316241458,0.337902982694656,1.21218276526639,4.33873522027535,5.14595324063022,91.2484106632881
0.543648127977178,0.630102385336906,14.9358770750579,11.1600817657216,0.623390183287859,0.486917149471492,0.507803169465996,1.97447102995217,5.53252456431091,4.8730181294675,96.1982330408134
0.721930804139376,0.804477723903023,11.9001916067861,17.1197272278089,0.326856865651347,0.550630700952187,0.576328948134184,1.68983593743015,4.35866362497211,4.93938402795699,97.3814664669335
0.681815467839129,0.572743481220305,13.7644805832836,16.4599713707576,0.309975876769237,0.309516783523187,0.617598246994801,1.70020642395085,5.14006611563545,3.8897610581601,88.5954056699947
0.854916891413741,0.625367952168919,10.7256205781433,6.69949418190168,0.511396751912124,0.495064416577853,0.510401809237525,1.34823416346172,3.1038301377981,4.27226427226095,69.6024238739908
0.649589238737337,0.526273039603047,15.9217791132908,9.52162440564251,0.429449218815193,0.69614130771067,0.413546169845387,1.5997726306282,3.57466313697305,4.22811910224985,91.6148925041966
0.653794689725339,0.878709073606134,7.55294251613552,7.92416677376721,0.346236664428376,0.620326006259955,0.631125889228098,1.23616373495339,5.83691130149597,4.71384004848311,88.9928364737518
0.817782487369701,0.578303155900724,12.9365966670518,18.6720522972872,0.504733710351028,0.400274748434871,0.367340477664769,1.47055249855993,3.32744249486597,3.68590259534167,82.7004654143006
0.834961571664363,0.896643738255277,17.1984246510849,10.7100228027906,0.341023802997172,0.520072337560728,0.60871259662807,1.45296879944624,3.77255929139257,4.19937745459098,70.8165045022406
0.693546213061363,0.768246348568983,17.4868111986248,10.3439085929701,0.458027144620568,0.317231241349317,0.614821921589598,1.71520451238612,4.32006746806204,4.83430577257974,95.543757713791
0.756373652618937,0.755389001750946,12.028933825756,6.83137435155688,0.582114231394045,0.491468948278949,0.453986649078503,1.25651192095503,5.15048538362654,3.85545174832782,76.0104797650315
0.667115030186437,0.600100815385953,7.47621485831449,7.9474896157789,0.45041368171107,0.558917903775536,0.322828255622089,1.45725435717218,3.45288180122199,3.43195756571833,72.4568456405401
0.893349720022641,0.832016485985927,10.6756849196553,12.1958062959928,0.412658103904687,0.439229739945009,0.418068584941328,1.77212709626183,3.75866318430053,3.47100362134539,68.7398676763289
0.676602758585103,0.661173107534833,9.36551182376919,13.33711992678,0.671465393691696,0.691416310418025,0.550539683583751,1.25884004041459,3.19770819217851,4.58084934624704,65.6732435101084
0.724203879300505,0.791118215486407,19.4208862807206,19.6204662168887,0.502305787464045,0.555852589515224,0.406199657538347,1.91688125693239,5.14346545357117,3.83184234376391,72.371221785266
0.670373294840567,0.646737529819831,9.9186486681737,13.160597545018,0.487338448462635,0.330193482957967,0.470713265460543,1.70405110341078,4.4174672186086,5.25880495309364,99.8823539926484
0.89200558635816,0.708214476963692,14.1353307599295,9.47325576847652,0.388717152713798,0.667506221023388,0.601780438733473,1.48650345337624,5.07116666848166,5.06734130955767,82.7364721043408
0.539580712404102,0.534000482693315,14.0459010419762,17.3545013811486,0.425101273056492,0.482297914889641,0.561538545845822,1.58719144949317,5.18246452623652,4.09666476267809,79.3140845567361
0.582902797155082,0.655632325930893,17.8125131758256,15.3340716137411,0.606131173621491,0.399798768570833,0.368163921462372,1.31843099469459,5.4594428326143,5.74201452940749,67.9932134893909
0.784836047708429,0.539934050121345,10.5608535345062,18.2076563572651,0.527689450683072,0.396548108924553,0.324761888960749,1.34083559037047,5.2122158429143,3.73399570910633,93.8379730684683
0.532924177812412,0.696211492169835,17.9446175227151,9.3462010927056,0.617189371643402,0.68019776365906,0.40990077937115,1.85981405714341,4.81754242104152,3.56015475915838,85.9170701845363
0.630990714839101,0.720296745458804,15.7278176126466,18.5301895113871,0.682699377292022,0.447675142158382,0.459698584057204,1.20764182469063,3.60877974963142,3.98159660205804,79.544281036742
0.761412984490953,0.587362570685334,15.8234277734021,17.0433001850941,0.401418408388272,0.388192170754634,0.310877263266034,1.56871433518361,4.24531452484662,5.42552617039299,77.5727192076296
0.510675182427839,0.752813408423774,19.6743726882129,16.4897098456277,0.685368102772906,0.56823090061713,0.400791332026385,1.14090848349687,3.25651237373846,3.59913853422739,99.6576775955968
0.613112060200237,0.68889449862428,12.9648861963511,8.41221519763349,0.360322609038092,0.375158835026436,0.632897245721705,1.79884236371843,3.93836088114884,5.25068327526609,63.5119822949916
0.503573969034664,0.575469103784859,14.1897165233409,14.766347722481,0.343228499180265,0.490223007349111,0.635925186442956,1.39363645397313,3.55474331157887,4.21161663147854,71.6328230890632
0.640637019156106,0.532155470511131,7.80627868415322,14.8120378732868,0.379972574738227,0.413183848424628,0.523392993599735,1.45808188830642,4.27183841979085,4.54735571915936,60.7725433219969
0.751885612965189,0.70432751650624,10.4486320350505,19.2549358359119,0.372417264398374,0.467810950584337,0.525264662650414,1.50816188298678,5.33538327897107,3.81626055361982,88.2547964944132
0.599206340317987,0.579161914958246,18.0677533121756,14.2388747983077,0.357437066663243,0.318800855647773,0.412106894864142,1.21139997864934,4.10462177246343,4.33398351197876,81.4423405412771
0.547047613488324,0.813314160942473,19.347661068223,8.28918057086412,0.557262148001231,0.375552352716587,0.647406325211935,1.51665356479492,5.05929568095552,4.47992630240461,98.6706655068323
0.816387369015813,0.515401621169038,10.2883708350011,16.7625193319214,0.420276941331103,0.514981370826624,0.373617411716282,1.57910548268771,4.92854692433216,4.70751229669713,77.1856468153931
0.730153829269856,0.558888691575825,13.4246572455997,5.34155265916605,0.525101685317233,0.380977589879558,0.549737973215803,1.83699497158034,4.72357700935146,3.98513813504996,73.2064456179738
0.894300742480159,0.588213733427599,12.4857263593422,9.6577618456888,0.547115438393131,0.314569236034527,0.452337029776722,1.92432299715281,3.49784664177708,5.69076608614018,99.3637818240188
0.543111781262234,0.807749956759438,12.5021308695665,13.2457862257911,0.332066805795021,0.606447410401143,0.593949352889136,1.9551927154013,3.4786647347426,5.6260267224228,73.1021797063761
0.778396872573532,0.892848626226932,11.3045671568112,5.65794008434052,0.693140074896254,0.460452949233539,0.34449182635434,1.97129855770059,5.36743955075182,3.96661110454146,84.4094243044034
0.614355918866768,0.517754283463955,15.5094694774179,7.49323476584395,0.680279018706828,0.512495322519541,0.672675319151394,1.52523870032141,5.94300187489763,4.38293396397913,99.7642538109049
0.573358268899284,0.596699310912751,13.5154131888761,17.9897342555248,0.598603682676516,0.510905669323914,0.309893920667656,1.04424738953123,4.98516473761154,3.76072159510106,87.1599388977885
0.687197373842075,0.568475925638899,15.5571624969016,10.2778388498514,0.629527178720385,0.643299352654442,0.414453848021291,1.16801821198687,3.57692609744333,4.29350499250414,72.1244807161018
0.635334319257736,0.58705178993158,14.8348379611154,13.8318742745859,0.497096399186924,0.493432338824123,0.565563462270051,1.67683566976292,4.52668081465038,3.2943976605311,66.855986458566
0.634350345841609,0.847328720906004,14.6345357800717,10.8367733457452,0.644834523312189,0.527045432896167,0.672914508665726,1.74360944996681,5.61916791831516,3.25971669223253,83.3284790788405
0.7076130696401,0.576224847463332,10.0379614213062,16.1606537744706,0.510290861823037,0.668443310988508,0.429937751431204,1.70917088411516,3.60134979087906,3.12443679076759,91.7148452130705
0.699336379194632,0.829850071854889,7.01837240587454,14.8017480739881,0.68801665722169,0.429672981468029,0.318136881353147,1.07748109566374,4.95226669953251,3.20728745227447,89.2761835059524
0.796903050604463,0.805878019012138,7.30551282603294,11.6772480228334,0.62977542570103,0.349582514220476,0.354536128258333,1.0156352465488,3.51648614778835,3.89701146343583,62.6967040762864
0.843473798489943,0.734849353313446,18.2955012515723,16.0051227731281,0.422595070997626,0.402054086020216,0.636967545787804,1.91382433924358,3.86771489718882,3.13572149533778,84.6847647207417
0.875569516114518,0.766961227706075,5.62727605977329,5.01645893853158,0.499153095231392,0.542159172722325,0.388661640786752,1.26446467933711,3.31850402295822,5.92237399372039,73.1743762475439
0.501949453379028,0.550359246890619,8.17393604933517,17.4683889195137,0.604978280376643,0.698361330733635,0.424111818772927,1.79303685286129,5.16719605470775,5.9833813507352,76.7940657578222
0.791718701803498,0.767229882471636,18.4325767051429,17.1321123367432,0.610390557166748,0.35654425563328,0.423492840646021,1.12009866963048,4.80348593110638,3.23235036342591,89.169948245287
0.772333835453354,0.717771072161198,5.97179618935566,13.5221869373461,0.337928022140078,0.636650000280887,0.655133206478693,1.86190182423452,3.38825097917207,3.70572374467459,60.6827028879896
0.507467602701299,0.666080843763985,19.2391276594298,7.37914148026146,0.596923002665117,0.694954431528784,0.480340629119054,1.42771225405298,4.02629797619535,5.18028091637604,72.2644960387424
0.844151428126544,0.779870971796103,18.1915010414622,16.5825898627099,0.378379331002012,0.311147899330035,0.610164275914803,1.13340899957716,5.98863073191326,5.63574634098681,96.0763176555932
0.593311285692453,0.814865479652584,5.33112295300234,14.3834648099379,0.654988542622328,0.362749540745094,0.365297732906975,1.19853138491465,4.87766728487844,5.59745956028346,94.7816080020554
0.873092575580254,0.726877767049149,17.7672932190751,11.6501124588866,0.338815071826614,0.688373315195367,0.384345064929686,1.54219197836285,3.03517458122643,4.5964005539068,70.634977618102
0.615790107476339,0.72225428176038,17.8846429571323,16.6157295622304,0.533214528518356,0.673899391435832,0.640522873175703,1.12672435315466,4.63206427261513,5.21201685675792,83.2491704338603
0.568216926920973,0.777786321821436,16.9765442893305,10.1628057023045,0.3895018793853,0.425492274757102,0.479244006716274,1.13070100278594,3.27344395703729,4.35779651679006,98.7433416348882
0.896626347383671,0.55362020695135,17.5913705159654,10.6531147711305,0.609267496768013,0.372219500886463,0.343266171921231,1.94105825946806,3.08006408959022,5.12176681091264,70.8897062187269
0.800112858020514,0.657072317573614,8.10681720159482,8.61859720504377,0.381873594050482,0.420061585523374,0.323295106528699,1.43905147552956,3.09029595942842,4.81590787286265,62.2505695565231
0.78957577359993,0.556848092929274,11.43530064855,8.46537809904665,0.666923099822365,0.333930793156102,0.653923981659673,1.09047853973182,3.69728379368735,5.58017345091747,92.4932676758245
0.810515220528469,0.693416492144763,10.5984284933703,6.14240632184315,0.355076567384973,0.426035000414029,0.466406708210707,1.44106576191494,5.60062798631424,5.65763078577491,60.9532389297336
0.879186122171767,0.69826104827635,15.4000664415467,17.3650612281705,0.649417675039358,0.411444356848486,0.380361173013411,1.28236705522751,5.44340477162506,5.1845509795812,64.4534091633931
0.819849677748978,0.516219603687525,9.17572961016791,10.6883409406687,0.50936114514973,0.315664004428498,0.309529321213625,1.9853355927146,5.12341771150427,5.28824703164538,71.1288251664303
0.6796588948844,0.672549177729525,11.8633826497337,12.3189737887378,0.382906794020906,0.551879664531536,0.449556513753347,1.03297888732096,5.9940543169328,5.27459231307171,80.3475211518072
0.569474255704321,0.559623406050913,6.65276740429225,18.9513417262281,0.434158043324947,0.62633527529873,0.399142113640532,1.1712564017754,5.42655564200739,3.31972797713522,85.9907421615534
0.536336787614413,0.613475639775582,12.6279098448204,12.1495480046957,0.311231421648525,0.440588026053645,0.665627699362859,1.62914918480255,3.96261726179905,4.12844995230669,70.2053733402491
0.692069679370523,0.761716959954612,14.9857239509677,8.90140023041749,0.345166763775796,0.647945223881863,0.659237189002521,1.55036627967004,4.11905618772749,5.84122815470304,80.2366433261521
0.509865167167597,0.794619804123603,12.5360673043272,13.502804595395,0.672786161523312,0.339683933463134,0.500105590591766,1.34760465663858,4.69539360912284,5.83578229929647,93.4353485295363
0.706860577339865,0.52795173551254,5.92631308647106,15.7841147363,0.565370123379491,0.684302058548108,0.366780548750795,1.75869847049192,4.0686955081271,4.31910897829989,71.8007759577222
0.650793797962554,0.573487919850834,16.8229439420509,12.0933978076885,0.686096504497901,0.480550279425085,0.571163994883187,1.71662087941309,5.68892479220079,3.6921131663695,90.0645160858333
0.860527291063406,0.557976161533967,6.86585648783948,8.78260812868597,0.647601658759452,0.474677060795762,0.359007058135793,1.61591802120674,4.65521073389333,4.7622314616926,81.6682913595811
0.813582024445199,0.63899994697962,11.1286468741437,5.50512636079919,0.560311751523986,0.692592618170194,0.314324359364249,1.64986294365954,3.67581030444196,4.51399091839604,86.2854966983385
0.602302548286691,0.656144636415132,5.10551727782469,5.14690857348032,0.508697613252327,0.355128044335544,0.396111732024327,1.22078998722415,3.41758668114524,4.62080220248597,85.4532351072133
0.638604289254174,0.739102523071133,17.6900736918487,6.75387134397868,0.344209045070596,0.332728651752137,0.548901325958408,1.95045933874743,4.68104466615524,3.32415036635287,64.081416753605
0.538485971132293,0.864059001023881,6.04242720964598,12.6785945995688,0.482627347796038,0.592355079976656,0.61413804687094,1.19584229994426,4.80765558789857,3.04204716203129,94.2382504635304
0.744177234892361,0.859262393182144,9.11526361409808,15.2630242041382,0.649800555049442,0.429210353381,0.452998804547638,1.07521715006186,4.99929776935978,4.45363043521531,63.7453223176859
0.609412743932381,0.739951121285185,12.8196353690466,17.5617998764059,0.530614027798362,0.347620014565811,0.456073512369953,1.70249667232111,5.26852930244571,4.96322893518722,63.4339656911045
0.540326568719186,0.777084728559479,13.8779938381352,6.45814614397474,0.630521412755921,0.321146094040573,0.686524259188399,1.8222362932167,4.47455949898018,3.33167700372404,77.4149213082902
0.86751205321122,0.798444825033471,19.0359911290975,6.60561630587559,0.390229702722095,0.639025996209495,0.661358261500485,1.02172426572116,5.24053729196917,5.51348830025084,72.1835566850193
0.866008784470894,0.543641902694292,5.19329594883137,12.7475440895371,0.31061463875249,0.434913094716333,0.488266674358025,1.51510527855298,3.7655686957268,5.82363923439151,69.9767300512083
0.737838756485656,0.579517449199595,12.4077631977759,18.4687423574901,0.626831139284372,0.463598484659381,0.552944529346936,1.60838521580165,4.25686785700684,3.85169186542556,61.6765315624699
0.641702570437081,0.565859575283714,15.8540100208879,13.7107803466683,0.575987553104386,0.45122222690545,0.40112590004243,1.57165488812421,4.08868830901757,5.72513158621453,77.3148483751342
0.552867651973106,0.861004813714325,6.41533791480819,6.64692627498414,0.313758926823922,0.615675922399387,0.446336090895906,1.48904256163957,5.40429932442773,5.2216242211475,88.5235116210953
0.794059180691652,0.826070719471574,17.2849175130902,7.16959708870156,0.526336426130869,0.650100500940531,0.537523912324198,1.99428577515949,5.29516890610568,4.13748943377798,61.5198417462036
0.683913760410994,0.636582499346696,19.1521274458058,19.9439162275777,0.547857980326191,0.301556486110762,0.615967731215805,1.89588732449291,4.18546214201348,3.71081176308542,63.2447906709462
0.663462363990024,0.871280269907788,15.4552741417801,16.5024519104674,0.496371979285032,0.431839425505511,0.643787699874491,1.66311564606288,3.24634454056481,4.39273094044346,66.3976493930258
0.732405052933283,0.680647415926121,8.30104007901624,9.0382381835999,0.654239975698479,0.55782382502351,0.512799026066065,1.82718772296887,5.08100769963674,3.14582874510018,65.9880900744349
0.566269398826361,0.886741784323752,13.1339410692127,8.10789647932863,0.69635396721568,0.497907814273611,0.471711470367759,1.30079425625084,4.36409167755861,3.84196973194135,89.0868808487617
0.793072363515757,0.887381104879268,17.9992546011903,16.9467844166351,0.314741585873254,0.573558209798113,0.698654283204116,1.1789578665942,3.56410816677986,4.53779284525104,95.7468878703751
0.541369312856719,0.783417832539976,14.5975677950215,16.9082121311408,0.42833443030864,0.312881683258899,0.352169165301323,1.63495904831542,4.89367509796517,3.46332693149149,91.7857718084753
0.822279918506928,0.722666311992519,16.7589159559947,5.98797884715721,0.642133885733783,0.604395989303105,0.455165612683073,1.68208939332422,4.3164669751483,4.6737847360773,74.3670061229915
0.720399675172567,0.632072525389865,5.30430025367765,15.0644948531641,0.317405125699751,0.316785417640023,0.540318115684204,1.94743658063281,4.22221027784329,5.4559024716178,65.1156864304654
0.715642070764489,0.604097985506803,16.3679972611717,5.15959376565414,0.384375007012673,0.667032365789823,0.64703201789353,1.75760456774896,4.85492657236895,5.65906079218118,82.8909686352499
